,Feature_1,Feature_2,Feature_3,Feature_4,Feature_5,Feature_6,Label
0,8633.41,25455.0,-3809.0,27,166,1410,1
1,8785.06,17177.1,-4294.06,35,183,931,5
2,10228.2,109946.0,-2360.0,49,235,4905,4
3,5637.88,7621.09,-1902.67,76,104,457,2
4,9677.17,31808.0,-3458.64,74,176,1922,3
5,5665.7,3815.72,-748.047,42,51,132,3
6,15292.2,108000.0,-6510.0,52,322,4619,5
7,14456.0,141141.0,-3710.0,61,315,5844,3
8,20184.2,183128.0,-4240.0,78,403,6746,4
9,7058.96,18564.0,-4310.0,23,149,1109,1
10,9639.56,51149.8,-3840.0,33,188,2599,3
11,8576.09,24725.0,-3295.21,35,157,1519,3
12,7418.72,9309.47,-3061.09,23,138,554,2
13,8311.96,26510.9,-4210.0,26,166,1414,1
14,8174.37,25450.9,-2050.0,30,156,1364,3
15,24854.1,475230.0,-2930.0,55,483,15505,3
16,8740.35,25469.5,-1870.0,45,156,1364,5
17,8999.86,26452.4,-1440.0,24,166,1414,4
18,7478.42,14013.7,-2331.34,97,120,809,3
19,5388.32,5121.09,-1380.0,26,85,343,5
20,10381.1,38923.0,-4144.03,26,193,2118,4
21,18127.6,206348.0,-7679.0,143,383,6080,1
22,14982.8,176369.0,-9015.0,81,369,7096,1
23,22408.0,276697.0,-9917.85,62,468,9276,5
24,11677.3,31899.9,-2710.0,47,234,1581,2
25,6460.0,11852.2,-1799.68,19,105,765,4
26,5833.78,7299.39,-1629.82,46,93,545,3
27,6931.52,9203.3,-3230.41,32,138,554,3
28,8829.32,28677.4,-3413.6,34,179,1626,4
29,8276.95,13139.5,-2673.5,15,132,806,4
30,5019.77,2942.71,-1200.72,48,67,224,2
31,9164.99,25912.3,-3461.2,41,174,1415,4
32,23082.3,265646.0,-9950.0,111,537,8350,3
33,8679.89,19411.4,-3205.35,17,157,1113,1
34,4270.01,1390.93,-910.956,27,51,102,5
35,5521.12,2659.98,-321.0,53,53,133,4
36,13202.2,45646.3,-2490.0,43,223,2059,3
37,15325.9,117731.0,-4700.0,54,271,4426,2
38,24600.3,258737.0,-9420.0,85,540,8870,4
39,18610.0,147299.0,-9030.0,76,449,5537,2
40,8169.71,9517.64,-2993.24,86,130,490,2
41,7756.73,4711.47,-2762.2,27,131,271,5
42,9203.59,9853.46,-2280.0,37,154,587,2
43,10099.8,53054.0,163.0,35,188,2599,4
44,3657.3,1428.32,-1025.26,42,52,133,2
45,13485.9,139419.0,-7724.0,221,306,6277,1
46,8907.11,26106.8,-1720.0,28,156,1364,3
47,8693.59,40405.0,-4870.0,327,198,2318,1
48,15768.9,196429.0,-8144.0,62,367,7586,1
49,22239.8,411705.0,-8340.0,58,473,14125,2
50,23587.7,414973.0,-13037.0,74,510,12351,1
51,9786.58,38233.1,-3740.98,43,180,2054,5
52,15644.0,110679.0,-6110.0,36,322,4619,3
53,5302.74,4821.68,-1241.36,17,72,340,5
54,9836.18,26364.4,-3340.98,25,174,1415,4
55,8851.7,22672.8,-338.0,21,166,1111,3
56,14231.4,126441.0,-10153.0,59,348,5022,1
57,6778.73,4176.24,-1762.98,40,101,270,5
58,13889.3,48580.6,-3550.0,46,215,2188,3
59,11125.7,49788.2,-5530.0,33,216,2677,3
60,11044.6,57726.7,-966.8439999999999,82,217,2904,3
61,6418.51,10366.4,-3130.0,16,109,689,3
62,6019.24,11362.7,-1859.73,24,102,764,4
63,21238.5,516904.0,-11950.0,127,540,18067,4
64,9416.32,39239.2,-3540.0,22,196,1885,3
65,14329.4,58233.7,-5750.0,40,215,2188,3
66,9486.06,38099.0,-3771.09,39,180,2054,5
67,13792.6,96712.6,-5758.16,55,294,4249,5
68,4089.34,1319.06,-932.05,20,51,102,5
69,13137.1,78529.5,-6010.0,48,272,3539,4
70,9207.01,30161.3,-3339.17,121,171,1747,5
71,22059.3,412566.0,-7820.0,62,473,14125,2
72,11974.3,74502.9,-3970.0,27,249,3630,2
73,10951.3,67957.2,-5376.51,142,247,3373,5
74,6253.73,11962.1,-1811.58,19,105,765,4
75,5854.02,7520.58,-1818.59,72,104,457,2
76,16370.1,207550.0,-10863.0,56,405,7718,1
77,19801.4,494750.0,-14639.0,62,542,16953,1
78,8073.22,8845.78,-3120.52,17,136,521,1
79,12513.9,71245.4,-5756.62,26,262,3211,5
80,6037.22,11152.6,-1922.18,29,102,764,4
81,9800.2,21348.0,-4167.0,23,170,1071,1
82,7409.61,16920.0,-2584.0,45,130,932,1
83,12290.9,115286.0,-3020.0,41,235,4905,2
84,6940.68,4007.56,-2188.07,73,101,249,4
85,10366.7,36975.1,-2910.0,37,196,1997,3
86,10201.8,28286.0,-2290.0,22,194,1521,4
87,15098.8,66975.0,-4212.0,40,229,2603,1
88,8540.49,11968.5,-2556.7,87,128,693,2
89,9984.95,27567.7,-1930.0,41,194,1521,4
90,7222.12,5658.84,-1510.0,17,79,292,2
91,6419.9,13508.8,-1520.35,19,96,804,2
92,21712.1,408341.0,-8260.0,64,473,14125,3
93,7927.9,3202.0,-2451.0,25,86,166,1
94,11718.7,55384.0,-6353.0,349,273,2603,1
95,13913.6,90425.9,-4600.0,40,254,3885,3
96,6189.58,10266.9,-2720.0,15,109,689,3
97,8577.96,13421.5,-2799.97,16,148,729,4
98,9606.93,17183.8,-4008.93,35,183,931,5
99,5295.02,4256.9,-1260.0,19,88,292,2
100,8700.53,11232.4,-3102.63,37,156,654,4
101,13224.7,59283.0,-7792.0,175,285,2542,1
102,12813.0,145727.0,-7123.0,27,279,5938,1
103,8966.23,23807.4,-2844.75,18,154,1252,3
104,7100.89,4042.96,-2330.62,70,101,249,4
105,9087.96,28495.3,-3478.53,32,179,1626,4
106,14406.8,143278.0,-6069.13,166,308,6057,3
107,14679.9,79358.0,-7160.24,65,320,3466,5
108,5768.63,11022.7,-1881.32,18,102,764,4
109,4265.77,4428.26,-2050.0,31,85,343,2
110,10172.0,17273.9,-3852.63,79,172,973,3
111,8113.83,12957.6,-2655.05,17,132,806,4
112,7680.97,9366.45,-3033.14,101,130,490,2
113,2388.47,59.8419,-409.0,96,33,5,2
114,9351.51,22154.0,-3062.0,23,127,973,1
115,9623.14,30344.4,-3207.81,118,171,1747,5
116,8519.19,4677.3,-2555.47,27,131,271,5
117,22425.9,279297.0,-9594.96,75,468,9276,5
118,12194.5,78899.0,-6759.0,204,276,3876,1
119,24861.1,263742.0,-8920.0,102,537,8350,3
120,9493.59,22983.7,-3785.88,31,176,1313,5
121,6768.89,13353.5,-1569.38,13,96,804,3
122,5600.53,7611.03,-1890.14,75,104,457,2
123,17066.0,62802.0,-8038.0,79,331,2404,1
124,7858.98,20495.0,-4000.0,46,153,1210,1
125,6835.48,5439.32,-2170.0,9,79,292,2
126,14156.5,50900.4,-2100.0,41,234,2464,3
127,4646.76,3938.46,-1390.73,11,72,340,4
128,13225.8,72614.0,-7054.0,39,252,2259,1
129,16461.3,99284.0,-6941.0,57,335,3808,1
130,12020.7,48353.8,46600.0,30,166,1414,3
131,12014.7,34527.2,-820.0,30,234,1581,3
132,9482.74,17301.1,-3875.18,74,172,973,4
133,6712.09,14026.0,-2496.99,81,120,809,3
134,14267.5,93977.7,-5579.09,35,294,4249,3
135,5824.29,4249.0,-2686.0,14,85,316,1
136,15662.6,116426.0,-5760.0,53,271,4426,3
137,9847.19,42272.1,-2430.0,72,223,2059,3
138,11977.1,53612.6,-4354.29,98,209,2534,5
139,11563.2,18955.0,-3677.0,8,183,895,1
140,12344.7,74583.4,-3150.0,24,249,3630,2
141,15391.2,223571.0,-8300.0,88,333,8334,1
142,5319.08,4231.72,-1080.0,10,79,317,2
143,12050.9,61203.4,-5590.0,38,247,2754,3
144,8364.42,10567.2,-2906.85,96,139,587,2
145,12406.6,45550.0,-5419.64,56,273,2061,5
146,10608.4,57843.4,-4448.0,135,217,2904,2
147,8939.55,30430.5,-1934.72,44,132,1513,4
148,11995.7,113176.0,-2330.0,41,235,4905,2
149,4079.11,2718.47,-1021.55,37,54,204,4
150,13165.5,69795.9,-1780.0,73,224,2192,2
151,7633.5,11188.0,-2818.0,21,127,657,1
152,14542.8,115990.0,-5840.0,61,271,4426,2
153,11419.3,50505.8,-5310.0,23,216,2677,3
154,15116.9,67198.7,-2470.0,52,223,2059,3
155,4513.02,4068.02,-1363.32,23,72,340,4
156,14728.9,66310.8,-3170.0,52,224,2192,3
157,3782.64,1364.82,-601.188,30,40,100,3
158,13692.9,149213.0,-11081.0,68,367,6073,1
159,9897.38,35670.9,-4341.67,121,208,1691,4
160,9293.16,11263.4,-3046.97,33,156,654,4
161,12731.2,50670.3,-4650.0,24,215,2188,3
162,6617.3,5030.64,-2228.0,68,107,346,3
163,9311.62,37963.6,-3767.61,40,180,2054,4
164,11107.1,68546.9,-5261.81,144,247,3373,5
165,6454.99,11796.8,-1878.9,15,105,765,3
166,5293.21,3470.91,-798.575,28,51,132,4
167,7959.39,24911.0,-3279.0,28,146,1308,1
168,8452.28,11446.6,-3339.18,34,156,654,4
169,12130.4,57484.9,-2100.0,58,223,2822,5
170,21437.4,411422.0,-6310.0,54,473,14125,2
171,22171.5,411174.0,-8960.0,69,473,14125,2
172,10340.6,38910.0,-3988.31,27,193,2118,4
173,9126.3,24327.0,-1205.0,79,175,1360,1
174,12137.5,70481.2,-5604.0,51,262,3211,5
175,11209.2,85910.7,-3660.0,18,220,3450,3
176,13789.8,51294.0,-4580.0,49,260,2198,1
177,9024.83,33309.0,-5994.0,52,182,1696,1
178,4588.25,993.0,-1056.0,15,67,66,1
179,10622.6,38592.1,-3859.37,39,193,2118,4
180,2510.97,51.2132,-443.0,6,33,5,5
181,9094.51,26834.1,-2040.0,32,156,1364,3
182,14570.5,141665.0,-4180.0,37,315,5844,3
183,6305.26,4342.0,-2608.0,17,100,270,1
184,18974.0,186253.0,-12443.0,60,425,6080,1
185,7262.58,14103.2,-2421.34,92,120,809,3
186,14670.8,113827.0,-5920.0,54,271,4426,2
187,8223.98,12199.1,-2580.6,80,128,693,3
188,15942.2,170459.0,-9141.0,42,340,6402,1
189,17569.8,122933.0,-6499.0,76,365,4729,1
190,6281.68,11744.9,-1807.12,18,105,765,3
191,10245.4,46741.0,-3540.0,29,216,2677,3
192,9199.92,38163.9,-3830.97,37,180,2054,5
193,12547.1,71700.2,-5542.49,30,262,3211,5
194,21498.4,410689.0,-8770.0,66,473,14125,2
195,4208.38,2173.98,-1051.37,20,54,165,2
196,6167.71,10370.5,-3190.0,13,109,689,3
197,13919.3,51489.3,-2640.0,32,234,2464,3
198,4986.74,3178.44,-1128.08,38,71,249,3
199,15296.2,116003.0,-5400.0,50,271,4426,3
200,11988.6,73924.7,-4650.0,28,249,3630,2
201,17600.5,147946.0,-7278.3,184,362,5847,5
202,5044.41,3474.18,-812.821,50,51,132,2
203,11964.7,48695.9,-6060.0,26,215,2188,3
204,4805.7,2967.91,-1227.08,45,67,224,3
205,21041.9,184844.0,-8980.0,90,449,5537,2
206,5510.27,4596.26,-891.0,19,88,292,3
207,6149.15,7598.07,-1879.64,77,104,457,2
208,5044.16,4279.41,-935.0,21,88,292,2
209,13322.8,93944.3,-4950.0,72,254,3885,4
210,21841.7,375981.0,-12748.0,71,507,13152,1
211,7717.2,9346.92,-1350.0,27,102,516,5
212,5896.51,6956.61,-1702.29,52,93,545,4
213,9504.98,26080.1,-3414.63,27,174,1415,4
214,9489.0,26856.9,-1840.0,27,166,1414,5
215,26337.6,624569.0,-17670.0,97,675,17898,1
216,13663.6,133475.0,-7723.0,71,300,5834,1
217,18684.1,163849.0,-11700.0,84,388,6290,3
218,17169.7,140899.0,-7432.84,216,321,4630,1
219,12721.8,61063.9,-4190.0,36,247,2754,4
220,8524.9,18113.0,-3508.0,9,127,888,1
221,5903.49,11006.3,-1841.01,21,102,764,4
222,13090.9,46651.6,-5955.64,59,273,2061,4
223,7876.93,11737.3,-2566.9,80,128,693,3
224,7300.53,19165.0,-2820.0,8,119,973,4
225,14533.9,101705.0,-5460.55,167,281,4061,4
226,8557.56,16694.1,-2784.69,82,142,844,3
227,32347.7,855945.0,-17463.0,163,711,20648,1
228,10617.8,35164.4,-4320.89,110,208,1691,5
229,9500.3,50262.0,-4365.0,35,190,2743,1
230,12006.8,37143.5,-1010.0,36,166,1111,4
231,13009.2,49986.0,-6042.0,51,241,2255,1
232,22873.6,256569.0,-13300.0,75,540,8870,3
233,22605.5,410715.0,-8280.0,68,473,14125,3
234,9211.27,38114.3,-3841.64,38,180,2054,5
235,24873.0,260940.0,-8680.0,72,540,8870,3
236,19872.8,238514.0,-10200.0,87,537,8350,3
237,9791.24,26974.2,-2120.0,16,166,1414,3
238,5092.21,4427.37,-717.0,15,88,292,2
239,20912.4,411278.0,-7880.0,58,473,14125,2
240,10644.5,33618.6,-3386.14,87,176,1922,4
241,22631.4,167888.0,-5381.0,85,356,5958,1
242,2214.95,57.5559,-617.0,10,33,5,4
243,9458.4,31019.4,-3241.67,117,171,1747,5
244,12782.5,73398.0,-4120.0,23,249,3630,2
245,7163.1,6845.67,-1680.0,17,119,395,5
246,13595.5,90956.0,-4800.0,43,254,3885,3
247,11310.7,51307.2,-4385.57,103,209,2534,5
248,6209.99,5244.54,-1550.0,24,85,343,5
249,8053.62,9814.76,-2372.89,14,123,621,4
250,9210.79,37927.0,-3790.23,42,180,2054,5
251,7179.74,14064.8,-2384.28,89,120,809,3
252,15768.3,114791.0,-3590.0,57,271,4426,2
253,22626.2,515780.0,-10797.9,126,540,18067,4
254,5683.57,4800.58,-1350.0,21,85,343,5
255,2256.67,72.3458,-375.0,8,33,5,2
256,21540.2,366511.0,-14834.0,93,529,13154,1
257,9311.74,28949.3,-3127.37,31,179,1626,5
258,10354.9,48742.6,-4040.0,25,216,2677,3
259,7345.73,5778.38,-2170.0,16,79,292,2
260,5775.0,4771.38,-1460.0,21,85,343,5
261,23067.6,247536.0,-10796.0,54,445,7966,1
262,5186.63,3038.42,-1242.17,49,67,224,3
263,5924.82,10390.8,-3690.0,14,109,689,3
264,16206.8,115998.0,-4810.0,63,271,4426,3
265,16933.9,161557.0,-11600.0,68,388,6290,3
266,11991.0,50356.3,-3150.0,32,234,2464,3
267,8802.65,27497.3,-1910.0,45,156,1364,4
268,2632.72,46.1404,-492.0,6,33,5,5
269,10960.9,38226.8,-4115.75,117,205,1751,2
270,22883.2,351603.0,-7160.0,128,462,11563,5
271,13833.4,91537.1,-5590.0,65,254,3885,3
272,13312.7,56629.0,-7808.0,127,292,2612,1
273,17509.0,113266.0,-8194.0,81,388,4344,1
274,4666.7,4157.21,-1387.63,3,72,340,1
275,9442.13,39214.4,-2750.0,25,196,1885,3
276,14116.3,142945.0,-6256.59,160,308,6057,3
277,9082.22,11238.5,-3071.6,37,156,654,4
278,11575.3,89923.8,-6660.0,60,254,3885,4
279,3619.91,2399.0,-977.0,7,56,183,1
280,15482.6,181109.0,-8215.0,105,334,7577,1
281,7577.23,10674.0,-2280.0,14,125,692,1
282,9320.09,17392.5,-4163.45,32,183,931,5
283,9778.05,38479.7,-3644.96,42,180,2054,5
284,9359.94,37853.7,-3779.65,44,180,2054,5
285,5798.52,3488.97,-724.454,49,51,132,2
286,12733.0,79478.0,-6060.0,50,272,3539,4
287,14469.9,80813.0,-5728.0,186,241,3136,1
288,6458.09,13316.7,-1575.52,14,96,804,2
289,2578.52,49.5431,-467.0,92,33,5,4
290,11748.9,74588.2,-5980.0,36,249,3630,2
291,6515.93,12244.7,-1842.63,6,105,765,2
292,7175.03,4021.47,-1960.0,30,86,205,4
293,8523.8,26064.7,-3130.0,29,156,1364,4
294,5528.22,1955.91,-1451.8,16,76,147,5
295,15351.1,109767.0,-6770.0,53,322,4619,4
296,21287.9,408375.0,-8960.0,65,473,14125,3
297,5244.59,4337.34,-1450.0,17,88,292,2
298,24955.6,473197.0,-11000.0,50,483,15505,3
299,4156.11,2158.09,-1068.44,20,54,165,2
300,9975.6,27550.0,-4447.0,65,162,1209,1
301,10084.6,37396.7,-3430.0,44,196,1997,5
302,15868.4,116098.0,-4410.0,68,271,4426,3
303,8675.64,17089.3,-2815.01,80,142,844,2
304,7695.75,9266.25,-3098.93,13,138,554,2
305,18018.7,160931.0,-9760.0,76,388,6290,3
306,7872.91,12868.1,-2749.99,15,132,806,4
307,3842.3,1454.43,-925.579,35,52,133,2
308,9517.86,30940.0,-3518.0,138,195,1633,1
309,9577.41,25767.6,-3341.91,30,174,1415,4
310,14278.7,47317.2,-5433.45,57,273,2061,4
311,6403.82,10297.0,-3090.0,15,109,689,3
312,5535.97,10768.2,-2030.78,24,102,764,4
313,9373.94,39216.3,-2150.0,19,196,1885,3
314,10407.4,48746.2,-3300.0,34,216,2677,3
315,6262.83,3513.0,-3010.0,7,77,167,1
316,18862.6,165888.0,-6284.49,80,352,6744,3
317,16544.6,145039.0,-7551.14,191,362,5847,4
318,10061.1,43593.0,-3160.0,64,223,2059,3
319,10432.3,26171.9,-4172.42,53,214,1469,4
320,12413.8,114907.0,-3120.0,41,235,4905,3
321,8045.91,18543.0,-3928.0,30,153,978,1
322,21930.2,303848.0,-15328.0,182,497,10398,1
323,8399.17,26423.0,-2220.0,27,156,1364,3
324,14878.3,139130.0,-8896.0,349,321,5528,1
325,26004.1,483505.0,-11800.0,54,483,15505,4
326,9316.77,12239.6,-2569.97,82,136,619,4
327,3590.06,2164.39,-590.386,9,43,161,5
328,6646.55,10322.2,-3360.0,13,109,689,3
329,6605.78,13351.1,-1586.05,18,96,804,2
330,15776.3,116229.0,-4880.0,57,271,4426,3
331,11931.4,68409.1,-4946.34,143,247,3373,5
332,5381.71,4319.2,-957.0,11,79,317,2
333,15325.9,84615.2,-7010.0,45,272,3539,1
334,5968.79,4760.03,-1280.0,21,85,343,5
335,4157.96,1935.82,-1075.82,5,63,166,3
336,5449.57,3984.9,-1261.11,10,72,340,4
337,5291.31,4276.55,-1190.0,9,79,317,2
338,5156.43,4260.97,-1380.0,9,79,317,2
339,9068.16,12473.5,-2615.97,87,136,619,5
340,8414.71,17111.0,-2896.77,83,142,844,2
341,6521.99,2403.96,-1312.68,12,82,185,4
342,9270.85,38073.0,-3821.8,38,180,2054,5
343,5338.64,4385.53,-1980.0,22,85,343,5
344,6709.53,5455.49,-1850.0,9,79,292,2
345,5975.62,4176.67,-1535.99,120,88,318,2
346,9042.9,37448.2,-3672.72,49,180,2054,5
347,7062.15,17573.0,-3700.0,23,152,1107,1
348,10388.9,35374.8,-4395.87,131,208,1691,4
349,19518.5,177473.0,780.0,85,403,6746,3
350,12338.5,115933.0,-1690.0,42,235,4905,3
351,6502.93,5264.1,-2820.0,9,79,292,2
352,9639.48,35999.8,-3930.0,44,196,1997,5
353,6180.76,7467.23,-1600.34,50,93,545,2
354,2506.87,51.7574,-411.0,92,33,5,2
355,18786.0,161211.0,-9590.0,72,388,6290,3
356,5870.64,4344.0,-3360.0,23,101,321,1
357,21877.4,406247.0,-8270.0,57,473,14125,4
358,5225.49,4342.64,-923.0,17,88,292,2
359,7386.69,10115.6,-2566.18,10,123,621,3
360,10132.8,35802.9,-4247.35,112,208,1691,5
361,12645.5,116286.0,-2950.0,40,235,4905,2
362,7814.93,9272.76,-3042.6,15,138,554,2
363,7167.8,10265.0,-2129.0,31,124,584,1
364,9105.05,11710.6,-3201.09,40,156,654,4
365,18711.2,160329.0,-9770.0,93,388,6290,3
366,12522.6,45842.1,-2470.0,44,223,2059,3
367,5609.1,9899.21,-2910.0,27,109,689,3
368,15268.4,142587.0,-5360.0,47,315,5844,4
369,17738.2,138591.0,-7360.0,132,449,5537,2
370,24751.7,365104.0,-8691.0,105,520,11735,1
371,11663.6,56803.4,-2780.0,58,223,2822,5
372,12918.3,74234.7,-3880.0,20,249,3630,2
373,2436.78,66.7972,-339.0,92,33,5,2
374,5793.87,7660.14,-1863.96,75,104,457,2
375,11728.9,33366.4,-2240.0,24,234,1581,2
376,10063.2,10449.4,-2170.0,37,154,587,2
377,9572.6,23915.1,-464.0,13,166,1111,4
378,5491.65,4414.15,-2460.0,13,79,292,4
379,9644.81,27813.0,-3546.0,23,183,1367,1
380,9392.65,25588.9,-3399.54,29,174,1415,4
381,7913.46,9455.82,-2978.66,100,130,490,2
382,9050.02,25699.0,-3056.9,38,157,1519,3
383,9225.2,17367.4,-2690.96,74,142,844,3
384,8930.65,13167.0,-3287.0,31,151,769,1
385,5270.33,4604.84,-1600.0,26,85,343,5
386,8014.03,11993.1,-2540.85,84,128,693,3
387,10655.9,35365.1,-4368.79,130,208,1691,4
388,4332.37,1979.17,-1104.05,6,63,166,3
389,10594.0,38118.1,-3710.54,27,193,2118,3
390,6507.56,10336.0,-1987.0,20,114,654,1
391,8001.12,26338.8,-2820.0,25,156,1364,3
392,7165.0,4040.21,-2268.54,70,101,249,4
393,7753.59,9482.23,-3017.55,98,130,490,2
394,4890.67,2970.22,-1223.9,43,67,224,3
395,6600.29,4322.58,-1891.57,65,101,270,5
396,8117.63,9802.18,-3000.54,96,130,490,2
397,19249.1,215478.0,-15231.0,67,435,8093,1
398,3924.8,2173.43,-1107.69,20,54,165,2
399,10699.2,27355.0,-1327.0,18,224,1217,1
400,8379.74,4468.68,-2556.26,37,131,271,5
401,7620.48,12151.3,-2575.07,42,130,694,1
402,10435.1,32316.0,-5761.0,153,191,1634,1
403,4825.41,1690.0,-1032.0,20,74,149,4
404,11384.9,91396.4,-6590.0,51,254,3885,4
405,11135.8,25976.0,-4762.0,24,195,1467,1
406,5315.15,3424.95,-761.5310000000001,49,51,132,2
407,6477.21,10274.0,-2150.0,15,109,689,3
408,5177.35,2995.31,-1199.06,36,77,205,3
409,10879.6,86856.6,-805.0,44,220,3450,4
410,5683.08,4222.67,-1435.6,126,88,318,3
411,14061.9,141314.0,-4882.0,47,316,5745,3
412,6977.32,14363.4,-1630.1,17,96,804,3
413,9099.72,29648.7,-3338.11,33,179,1626,5
414,7256.53,10719.0,-2008.0,24,126,658,1
415,4533.4,1175.0,-914.0,15,62,88,1
416,10309.3,36372.3,-3900.0,45,196,1997,5
417,5676.12,4597.84,-1070.0,22,88,292,3
418,15555.8,126948.0,-8516.0,137,316,4916,1
419,9710.51,30534.6,-3177.42,117,171,1747,5
420,7117.68,15298.0,-3834.0,51,121,931,1
421,9063.67,25554.9,-3100.25,38,157,1519,3
422,7363.86,14056.4,-2331.7,81,120,809,3
423,3294.91,1114.0,-289.0,11,35,83,3
424,8602.82,29175.4,-3438.06,36,179,1626,5
425,11644.9,73774.8,-4660.0,20,249,3630,2
426,7932.09,12852.8,-2686.14,15,132,806,4
427,8066.17,12304.0,-3258.0,57,142,659,1
428,9188.47,21410.7,-2869.95,72,145,1156,4
429,18468.9,160473.0,-9180.0,89,388,6290,3
430,8419.96,9605.1,-2787.35,14,138,554,4
431,7813.67,9547.78,-2881.36,17,138,554,3
432,9346.24,17270.9,-4124.56,34,183,931,5
433,5914.45,7385.73,-1624.35,49,93,545,3
434,17911.3,193466.0,-7400.0,51,390,7459,3
435,8872.53,27449.9,-2870.0,33,156,1364,3
436,15561.2,94473.0,-11955.0,196,398,3988,1
437,12509.3,75831.0,-5825.0,48,288,3296,1
438,15196.5,75481.4,-8477.87,65,336,3302,1
439,8828.21,13132.1,-2513.93,16,132,806,4
440,5009.23,10692.0,-1550.0,13,89,762,1
441,6251.57,2015.0,-2135.0,13,88,133,1
442,25293.7,252660.0,-10700.0,100,537,8350,3
443,24514.4,317109.0,-10145.0,110,511,11126,1
444,14216.4,93682.2,-4750.0,45,254,3885,3
445,21734.8,418722.0,-15975.0,105,593,14481,1
446,3305.2,1331.36,-695.7139999999999,32,40,100,2
447,17370.4,242591.0,-10264.0,135,441,8869,1
448,9144.05,26226.2,-3512.29,20,174,1415,4
449,10468.9,33879.0,-3384.98,90,176,1922,4
450,8014.87,9258.47,-1200.0,27,102,516,5
451,5472.83,4994.65,-1810.0,23,85,343,5
452,11297.1,51660.9,-4830.0,17,216,2677,3
453,11542.8,17747.0,-4193.0,44,204,776,1
454,7163.34,13691.4,-1404.62,40,96,804,3
455,13649.7,60699.3,-1910.0,53,223,2822,4
456,3900.92,1188.67,-952.6210000000001,35,51,102,5
457,7827.7,7481.0,-2187.0,7,97,400,1
458,9678.51,38231.6,-3687.94,36,180,2054,5
459,16865.8,182261.0,-6757.0,242,392,7454,1
460,10829.7,58012.2,-4500.33,137,217,2904,2
461,8364.22,10480.5,-2891.94,98,139,587,2
462,6716.5,13288.2,-1546.52,17,96,804,2
463,8579.9,16131.0,-2548.0,20,129,929,1
464,10071.0,39034.9,-4043.37,29,193,2118,4
465,15211.5,81349.2,-1920.0,53,223,2059,3
466,16624.0,160612.0,-12800.0,81,388,6290,3
467,17571.5,262096.0,-10118.0,53,381,9528,1
468,7852.53,7042.29,-2016.04,36,108,428,5
469,11796.1,53810.0,-3978.0,34,235,2460,3
470,7547.22,8810.43,-768.0,27,102,516,5
471,12927.3,80374.7,-5900.0,60,272,3539,3
472,9292.96,37924.6,-3816.82,40,180,2054,5
473,7047.11,5279.36,-2147.09,59,107,346,3
474,7309.76,12500.0,-2478.0,29,151,806,1
475,8880.52,19684.0,-1644.0,33,199,1117,1
476,7106.19,6011.0,-3147.0,25,106,297,1
477,12909.0,72500.6,-5370.86,47,262,3211,5
478,6576.29,13374.3,-1572.72,15,96,804,2
479,16661.6,256695.0,-8108.0,78,389,9131,1
480,9955.93,48716.7,-5760.0,35,216,2677,3
481,3255.73,1349.06,-264.216,0,40,100,3
482,3862.29,1457.4,-1006.89,41,52,133,2
483,14403.8,140093.0,-5850.0,40,315,5844,3
484,10424.8,35041.4,-4345.67,114,208,1691,5
485,11043.3,68911.8,-5461.69,147,247,3373,5
486,8107.84,13052.3,-2687.49,16,132,806,4
487,9317.83,31248.9,-3096.41,89,171,1747,5
488,9158.0,36915.0,-4694.0,105,174,1806,1
489,5957.07,4728.77,-1390.0,21,85,343,5
490,16475.3,444024.0,-8376.0,70,384,15662,1
491,4400.89,1460.0,-1490.0,7,54,130,1
492,7395.29,14254.7,-2304.14,73,120,809,3
493,9275.21,12775.4,-2606.95,82,136,619,4
494,9537.03,37891.0,-4732.0,49,179,1929,1
495,9350.44,27446.0,-2926.87,103,158,1403,4
496,9523.82,38655.0,-5119.0,99,194,1933,1
497,10251.2,41624.0,-5599.0,162,213,2058,1
498,9758.09,36840.4,-3920.0,34,196,1997,4
499,24237.4,273048.0,-10200.0,100,537,8350,3
500,8974.0,16556.0,-4562.0,56,206,809,1
501,14528.8,98479.9,-5678.26,55,294,4249,5
502,13262.2,46178.0,-5749.48,48,273,2061,3
503,9966.66,28839.1,-2240.0,46,166,1414,5
504,15403.6,116594.0,-4570.0,51,271,4426,2
505,3817.8,1091.22,-771.314,21,51,102,5
506,7673.91,26203.0,-2847.0,315,140,1408,1
507,14747.5,86891.0,-3507.0,49,305,3221,1
508,4388.77,2226.59,-890.1060000000001,17,54,165,2
509,36924.6,1557190.0,-18151.0,178,819,34369,1
510,3900.93,1490.51,-982.035,39,52,133,2
511,17547.2,230237.0,-8940.0,62,352,7824,1
512,20947.0,156105.0,-8543.0,105,452,5433,2
513,7180.39,6250.0,-3088.0,29,121,404,1
514,21335.1,288174.0,-9994.03,92,468,9276,5
515,13118.1,90940.7,-4040.0,45,254,3885,3
516,10350.5,32061.0,-5004.0,77,171,1466,1
517,6024.53,7600.05,-1881.43,67,104,457,3
518,14115.9,101596.0,-5575.0,48,278,4152,1
519,10885.9,39042.0,-4182.0,27,194,1636,1
520,10628.3,24690.4,-1110.0,48,166,1111,4
521,7787.46,4323.71,-1860.0,10,86,205,2
522,13663.6,89679.5,-3810.0,66,254,3885,3
523,9596.96,52031.6,-3070.0,43,188,2599,3
524,8851.88,17191.0,-2678.59,81,142,844,3
525,9665.17,10097.0,-2440.0,39,154,587,3
526,9078.38,51146.8,-3160.0,31,188,2599,2
527,11910.0,113176.0,-1580.0,41,235,4905,3
528,15365.0,115567.0,-3860.0,54,271,4426,2
529,8004.08,7714.0,-2038.0,75,126,458,1
530,4899.97,2853.85,-1280.16,52,67,224,2
531,9596.61,27548.7,-2847.0,88,158,1403,4
532,9283.25,25748.4,-3440.97,29,174,1415,4
533,5231.5,3087.57,-792.291,50,51,132,3
534,10930.0,73743.0,-5916.0,53,294,3627,1
535,3833.73,2158.67,-1139.3,20,54,165,2
536,10031.9,26262.5,-3360.19,31,174,1415,4
537,4861.57,1560.2,-1580.56,14,76,147,5
538,9680.5,38555.4,-3706.31,37,180,2054,5
539,5501.06,4134.41,-1521.63,128,88,318,2
540,7588.46,4175.55,-1600.0,29,86,205,4
541,10239.0,30795.2,-3025.89,102,171,1747,4
542,8847.93,12225.7,-2716.89,93,136,619,4
543,8722.14,47006.9,-4550.0,23,216,2677,3
544,8519.88,24525.1,-3046.66,33,157,1519,4
545,18319.5,161133.0,-6563.89,77,352,6744,2
546,25523.0,474271.0,-11200.0,61,483,15505,3
547,12884.8,75708.4,-5474.12,49,262,3211,4
548,11482.5,67909.0,-4368.0,33,231,3128,1
549,10772.3,27273.2,-4180.45,61,214,1469,5
550,7335.41,14129.7,-2123.69,95,120,809,3
551,9903.3,36390.2,-4830.0,35,196,1997,4
552,11731.7,60882.5,-3893.95,101,217,2904,2
553,8203.24,13298.0,-3344.0,9,112,549,1
554,9495.15,10095.3,-2630.0,42,154,587,2
555,8985.38,51208.7,-3610.0,34,188,2599,2
556,4134.36,2174.1,-967.7360000000001,20,54,165,2
557,3820.78,1454.91,-1014.97,42,52,133,2
558,5229.85,2314.0,-2097.0,7,81,184,1
559,10020.7,35235.1,-4411.58,128,208,1691,4
560,8503.12,24563.3,-3133.75,33,157,1519,4
561,9345.81,37816.4,-3777.52,49,180,2054,5
562,10255.7,66668.0,-6050.0,97,207,3048,1
563,12956.3,183407.0,-5943.34,42,286,7322,1
564,4526.74,2757.31,-1379.53,40,67,224,4
565,7144.28,14075.8,-2340.85,88,120,809,3
566,8060.38,12859.4,-2687.98,15,132,806,4
567,7525.46,7460.46,-2180.0,159,109,486,5
568,17102.3,158994.0,-6108.29,97,352,6744,2
569,15785.5,123102.0,-8574.0,100,317,4724,1
570,7079.33,5436.65,-2050.0,10,79,292,2
571,20726.6,232557.0,13000.0,84,537,8350,3
572,15959.6,117476.0,-5590.0,53,271,4426,3
573,18354.0,144140.0,-10130.0,315,393,5850,1
574,14390.5,180746.0,-7489.0,84,372,6863,1
575,16853.2,163227.0,-7429.79,74,352,6744,2
576,7700.4,18030.0,-1884.0,51,138,1024,1
577,8260.54,10455.0,-2182.0,23,136,584,1
578,26195.7,473660.0,-11400.0,49,483,15505,3
579,11593.1,30766.0,-4805.0,51,242,1366,1
580,14012.3,64119.4,-952.0,59,223,2822,4
581,10736.9,51211.0,-7770.0,128,249,2391,1
582,9686.33,16971.7,-3892.23,75,172,973,3
583,9279.78,37955.0,-3711.96,50,180,2054,5
584,14905.6,122455.0,-5752.0,55,330,4534,1
585,10073.5,23619.0,-4336.0,29,175,1308,1
586,8122.78,5330.75,-1360.0,29,86,205,2
587,20236.3,255251.0,-13700.0,60,540,8870,3
588,15462.5,161451.0,-8745.0,59,353,6186,1
589,21143.4,335889.0,-7830.0,85,462,11563,4
590,11796.9,73446.7,-4850.0,34,249,3630,2
591,6856.01,5413.24,-2170.0,8,79,292,2
592,11004.7,68489.8,-5152.41,149,247,3373,5
593,6276.9,5187.36,-1110.0,24,85,343,5
594,5002.41,4234.55,-1080.0,9,79,317,2
595,9240.35,10029.9,-1380.0,29,154,587,3
596,4083.16,2157.26,-956.561,20,54,165,2
597,9770.55,26480.2,-3366.66,29,174,1415,4
598,5574.82,2549.0,-1369.0,21,91,169,1
599,15983.6,115972.0,-4500.0,58,271,4426,3
600,4746.66,3853.21,-1910.0,18,79,317,2
601,6816.93,13749.9,-1488.91,26,96,804,3
602,5246.89,4385.49,-1290.43,16,72,340,5
603,13202.6,37570.7,109.0,51,234,1581,2
604,2569.31,59.8814,-364.0,92,33,5,2
605,16733.5,155718.0,-6300.0,53,370,5972,1
606,8914.8,26478.0,-3501.0,49,177,1471,1
607,13219.7,110637.0,-5270.0,66,271,4426,4
608,11949.9,62696.1,-4740.0,40,223,2822,4
609,8883.79,10754.4,-2758.8,83,139,587,3
610,16384.2,117545.0,-4730.0,64,271,4426,3
611,8217.8,29047.0,-3157.0,21,146,1633,1
612,12887.9,46893.8,-5947.8,67,273,2061,4
613,13269.4,54048.0,-5043.0,44,247,2463,1
614,14133.2,80260.5,-4210.0,56,272,3539,4
615,8179.01,14236.0,-3270.0,50,138,931,1
616,8826.68,52685.2,-3740.0,20,188,2599,3
617,15177.6,192712.0,-9658.0,45,335,7450,1
618,11673.7,113032.0,-3290.0,46,235,4905,2
619,12953.8,79776.0,-5930.0,60,272,3539,3
620,9086.95,24009.0,-2210.0,15,166,1111,2
621,5495.36,10964.1,-2147.43,18,102,764,4
622,5472.13,4676.8,-1750.0,17,85,343,5
623,9759.01,38472.6,-3689.56,42,180,2054,5
624,5854.92,7118.27,-1664.32,50,93,545,4
625,10958.0,58475.0,-6470.0,90,193,2523,1
626,31407.1,902141.0,-22365.0,114,745,22735,1
627,9307.48,39108.0,-2770.0,27,196,1885,3
628,18459.9,161519.0,-8388.0,65,318,4732,1
629,16764.9,111607.0,-5990.0,42,322,4619,4
630,7573.64,8019.28,-2280.0,34,149,549,4
631,5896.23,4175.54,-1540.61,122,88,318,2
632,12059.5,73201.2,-4130.0,17,249,3630,2
633,9702.79,36892.9,-4146.49,110,205,1751,1
634,11322.3,38216.8,-3860.0,44,196,1997,3
635,2533.06,53.7691,-347.0,96,33,5,2
636,4934.45,3938.09,-1070.0,22,88,292,3
637,17623.8,204870.0,-6392.0,94,258,3209,1
638,3589.45,2156.32,-597.9159999999999,7,43,161,5
639,10240.9,86110.6,-3120.0,20,220,3450,3
640,5717.83,11214.8,-1914.37,24,102,764,4
641,9641.92,10177.2,-2400.0,36,154,587,2
642,7462.63,9577.7,-2502.63,20,123,621,3
643,10396.2,10366.4,-2270.0,31,154,587,3
644,11228.2,67308.8,-5098.05,144,247,3373,5
645,15623.6,118500.0,-5480.0,51,271,4426,3
646,11061.6,35080.0,-4237.0,23,215,1750,1
647,19913.3,297001.0,-10274.0,98,459,10388,1
648,3949.53,2162.41,-988.965,30,54,165,2
649,11694.8,53237.3,-4279.04,92,209,2534,5
650,12236.8,62319.8,-4846.72,20,214,2600,1
651,12848.4,61794.6,-2100.0,73,223,2822,5
652,13267.9,69167.0,-3877.46,93,247,3373,2
653,15843.7,117871.0,-3560.0,48,271,4426,2
654,17311.2,137031.0,-6180.0,71,449,5537,2
655,3906.39,1320.67,-791.421,16,51,102,4
656,6228.74,5199.74,-2200.0,4,79,292,2
657,8687.55,28916.4,-3410.68,24,179,1626,5
658,12520.1,117545.0,-3190.0,44,235,4905,3
659,5792.15,3488.48,-723.915,49,51,132,2
660,8136.34,4784.33,-2683.4,32,131,271,5
661,6461.14,13197.1,-1608.93,15,96,804,2
662,19534.8,147629.0,-1760.0,92,449,5537,2
663,23723.9,476200.0,-12700.0,81,483,15505,3
664,6638.18,10333.6,-3380.0,15,109,689,3
665,11468.6,112929.0,-3940.0,45,235,4905,2
666,16056.7,116627.0,-4730.0,64,271,4426,3
667,18336.7,104428.0,-8698.0,124,362,3552,1
668,8894.41,12250.8,-2745.73,92,136,619,3
669,7795.18,4717.18,-2682.88,27,131,271,5
670,7925.2,9420.71,-2894.0,98,130,490,2
671,6773.79,9169.0,-2038.0,24,102,618,1
672,12410.8,73851.5,-3220.0,30,249,3630,2
673,16682.6,143687.0,-7207.49,175,362,5847,4
674,8549.67,9615.71,-2811.53,23,138,554,4
675,7878.54,12959.2,-2783.11,14,132,806,4
676,7035.37,12443.0,-2279.0,17,120,768,1
677,9346.35,27429.7,-2909.98,93,158,1403,3
678,18683.0,160948.0,-9740.0,86,388,6290,3
679,12756.1,71641.0,-6836.0,43,237,2980,1
680,9305.86,39288.3,-4060.0,24,196,1885,3
681,5055.57,4112.0,-2146.0,46,81,293,1
682,8292.89,11997.5,-2546.58,82,128,693,3
683,9531.32,39372.8,-2680.0,23,196,1885,3
684,12353.0,90833.9,-5740.0,64,254,3885,3
685,11397.5,114388.0,-4360.0,48,235,4905,2
686,19252.1,454805.0,-12489.0,321,431,15329,1
687,12174.1,72181.0,-6643.0,37,253,3134,1
688,9026.32,12053.3,-2709.42,100,136,619,3
689,8674.99,9918.52,-2570.0,44,154,587,2
690,13939.6,59278.1,-6717.38,87,305,2610,1
691,10718.5,10391.4,-2330.0,36,154,587,3
692,4186.54,2012.65,-1065.96,5,63,166,3
693,13778.3,52405.0,-6141.13,49,288,2334,4
694,14016.0,53512.4,-3950.0,33,215,2188,3
695,12261.1,71106.5,-5635.92,51,262,3211,5
696,3991.77,1541.11,-1029.99,32,52,133,2
697,11192.5,42299.0,-2450.0,28,166,1414,4
698,14750.1,101649.0,-5440.52,166,281,4061,4
699,12894.8,60525.0,-4780.0,25,247,2754,3
700,18684.8,197223.0,-7850.0,57,390,7459,4
701,3974.61,2203.07,-1147.9,22,54,165,2
702,5975.64,10069.0,-3987.0,5,140,688,1
703,8552.74,13782.6,-2947.73,20,148,729,4
704,9063.6,28186.3,-2070.0,31,156,1364,5
705,3819.81,2187.72,-1103.97,20,54,165,2
706,15185.6,109114.0,-6210.0,40,322,4619,5
707,9789.91,26001.1,-3325.24,27,174,1415,4
708,5893.93,7231.43,-1623.81,46,93,545,3
709,18964.7,161434.0,-9930.0,80,388,6290,3
710,19017.1,163351.0,-3656.97,70,352,6744,3
711,13866.6,150757.0,-5860.12,29,282,6509,1
712,9600.0,30861.5,-3201.33,116,171,1747,5
713,7991.0,4726.8,-1899.66,25,131,271,5
714,17394.8,204870.0,-7639.0,129,381,6198,1
715,5398.32,4538.34,-1870.0,13,88,292,2
716,7126.8,4070.98,-2265.05,70,101,249,4
717,5046.22,4217.95,-689.0,10,79,317,2
718,5154.16,3422.31,-793.939,50,51,132,2
719,5623.55,4330.74,-1224.57,9,72,340,4
720,14120.7,67870.5,-2460.0,52,223,2822,4
721,7344.4,4829.14,-2700.0,14,86,205,5
722,9371.16,20884.9,-3361.69,92,163,1162,4
723,9543.15,17060.7,-4010.36,81,172,973,3
724,13623.1,53848.4,-3140.0,62,224,2192,3
725,9770.1,34373.8,-4491.85,131,208,1691,4
726,19828.1,318408.0,-8803.0,66,471,11572,1
727,13630.1,51088.5,-3790.0,35,234,2464,2
728,3949.56,1473.18,-998.586,41,52,133,2
729,22297.6,410199.0,-7120.0,63,473,14125,2
730,14323.9,59508.9,-6786.01,162,305,2610,2
731,13413.5,60616.4,-454.0,32,247,2754,3
732,10261.4,35518.9,-4242.17,118,208,1691,4
733,9906.17,36296.5,-3120.0,43,196,1997,5
734,8568.59,12297.9,-2457.77,57,128,693,5
735,14157.6,92795.1,-4960.0,60,254,3885,3
736,9561.38,30266.0,-3238.31,122,171,1747,5
737,12958.4,95991.0,-8195.0,128,270,4059,1
738,22565.8,516214.0,-11455.7,148,540,18067,4
739,15704.3,98748.6,-5387.15,58,294,4249,4
740,7498.31,20808.0,-5834.0,13,147,1263,1
741,7398.81,13954.6,-2408.23,92,120,809,3
742,5046.65,4169.19,-973.0,10,79,317,2
743,13670.9,77654.4,-5432.38,32,262,3211,4
744,3825.32,2186.23,-1136.77,20,54,165,2
745,11374.1,36070.9,-4132.67,115,208,1691,5
746,8885.39,28819.3,-3451.39,22,179,1626,4
747,20805.2,410955.0,-9790.0,62,473,14125,2
748,3938.25,1463.38,-1005.34,41,52,133,2
749,12954.5,50469.0,-6234.0,41,237,2256,1
750,9026.56,30429.8,-3473.88,111,171,1747,5
751,10415.4,32821.6,-3372.05,70,176,1922,4
752,6523.06,10350.2,-2630.0,15,109,689,3
753,12300.2,90598.5,-4360.0,51,254,3885,3
754,6455.64,5667.0,-3759.0,85,126,398,1
755,10077.4,40387.6,-3110.0,22,196,1885,3
756,14502.4,78523.5,-6528.88,92,320,3466,5
757,9395.58,16583.6,-18.9875,82,172,973,4
758,8492.04,24645.2,-3109.5,33,157,1519,4
759,5811.48,11240.4,-2112.8,24,102,764,4
760,19479.2,228025.0,-9579.0,88,461,7592,1
761,9506.2,40882.0,-2770.0,35,205,2192,1
762,10105.3,34219.6,-3425.27,80,176,1922,4
763,10833.6,39099.8,-4097.29,122,205,1751,3
764,11076.2,32363.0,-4333.08,119,204,1692,3
765,5064.95,4331.68,-906.207,36,60,243,1
766,15522.3,115720.0,-5350.0,47,271,4426,3
767,10427.2,26092.9,-4344.35,39,214,1469,3
768,15622.8,128057.0,-7850.0,81,351,4913,1
769,5424.7,1797.18,-1429.71,19,76,147,5
770,6858.25,5327.93,-1660.0,9,79,292,2
771,9185.13,52499.6,-2140.0,19,188,2599,3
772,17850.6,177271.0,-7260.0,70,403,6746,3
773,4138.94,2283.54,-934.9060000000001,45,51,132,3
774,8870.42,17114.1,-4342.75,36,183,931,5
775,4938.58,3302.0,-1980.0,16,85,205,1
776,2554.88,51.4007,-554.0,96,33,5,4
777,8485.68,25528.3,-3265.18,28,157,1519,3
778,9849.08,27502.2,-2570.0,22,194,1521,4
779,9750.44,10131.3,-2170.0,39,154,587,3
780,4285.0,2050.5,-1085.0,4,63,166,3
781,4362.51,2254.7,-997.441,22,54,165,2
782,19835.2,410295.0,-10300.0,65,473,14125,2
783,14738.9,107583.0,-6660.0,37,322,4619,4
784,6627.09,9269.32,-3313.86,20,138,554,3
785,12756.0,68486.0,-4464.0,38,264,2681,1
786,9066.55,37326.0,-3729.82,51,180,2054,5
787,12031.5,71157.7,-5612.2,47,262,3211,5
788,3638.37,2121.08,-569.385,4,43,161,5
789,20699.0,171712.0,-3070.0,92,449,5537,2
790,12223.5,50867.2,-4990.0,37,234,2464,2
791,7956.87,12356.9,-3045.89,82,136,619,3
792,20975.1,263877.0,-11197.0,51,433,8473,1
793,5239.4,4143.73,-1260.0,19,88,292,2
794,5774.81,7113.98,-1611.42,47,93,545,4
795,5633.96,7606.64,-1836.89,74,104,457,2
796,7767.54,17083.9,-2882.43,78,142,844,3
797,4281.3,1328.15,-890.842,9,51,102,5
798,14208.7,95165.4,-5458.11,53,294,4249,5
799,15845.4,49321.1,-2555.69,64,273,2061,5
800,11725.4,33581.1,-439.0,31,166,1111,3
801,8718.45,4798.06,-2538.58,35,131,271,5
802,5753.69,7297.7,-1603.35,44,93,545,3
803,8143.2,7649.0,-2771.0,42,144,456,1
804,13862.0,71391.0,-5831.0,264,255,2751,1
805,8954.43,12074.3,-2628.98,91,136,619,3
806,5629.78,7474.44,-1883.02,77,104,457,2
807,36655.0,1422530.0,-17263.0,129,875,36502,1
808,23184.7,516211.0,-11535.2,152,540,18067,4
809,7421.54,13786.3,-2280.41,79,120,809,3
810,5029.21,4322.14,-1306.54,12,72,340,5
811,22006.2,412627.0,-8410.0,67,473,14125,3
812,9551.54,24249.0,-3618.0,53,165,1209,1
813,8144.32,12853.8,-2529.16,28,132,806,4
814,13482.3,111993.0,-5050.0,69,271,4426,4
815,8563.44,11232.1,-3194.73,29,156,654,4
816,8438.0,26292.0,-1957.0,17,159,1573,1
817,9387.46,30855.1,-3223.0,126,171,1747,5
818,15980.0,135773.0,-7849.0,102,326,5322,1
819,7251.75,9506.14,-2503.95,11,123,621,3
820,9018.74,27898.6,-2350.0,19,166,1414,5
821,13531.7,52267.4,-6130.54,51,288,2334,4
822,11124.5,86386.0,-2460.0,25,220,3450,3
823,5722.98,4132.52,-1488.51,116,88,318,2
824,3568.9,1416.5,-1022.38,42,52,133,5
825,15814.4,116839.0,-4920.0,53,271,4426,3
826,12522.3,114735.0,-7592.0,116,302,5318,1
827,4212.51,2216.57,-1017.71,20,54,165,2
828,12250.1,45839.3,-3410.0,39,223,2059,3
829,35526.5,715495.0,-10837.0,137,688,16970,1
830,4894.01,4154.99,-849.0,11,79,317,2
831,6613.6,10135.0,-3580.0,15,109,689,3
832,12629.3,37164.5,2040.0,42,234,1581,2
833,9317.62,36696.1,-4570.0,37,196,1997,4
834,9152.88,83452.0,-2510.0,32,220,3450,3
835,5681.29,10926.0,-2103.67,21,102,764,4
836,8920.44,25745.0,-4448.0,85,168,1358,1
837,24236.6,582468.0,-10073.0,92,540,19224,1
838,2491.56,52.0823,-445.0,96,33,5,2
839,7222.03,14148.8,-2368.96,91,120,809,3
840,8480.1,10473.0,-3202.57,49,156,654,4
841,8260.1,25283.3,-3296.3,32,157,1519,3
842,7906.76,9476.65,-3023.18,99,130,490,2
843,9790.76,30027.8,-3103.06,113,171,1747,5
844,9161.65,13414.0,-2602.0,9,105,582,1
845,7659.06,9547.41,-2501.97,30,123,621,3
846,5315.07,4425.25,-980.0,21,88,292,2
847,11699.7,26065.0,-4220.0,49,205,980,1
848,9091.52,30103.0,-3386.94,104,171,1747,5
849,9111.87,17728.0,-4132.0,85,191,1024,1
850,5203.0,4226.32,-1160.0,14,88,292,5
851,13225.1,32119.0,-5875.0,18,192,1119,1
852,5724.91,4198.66,-1479.74,122,88,318,3
853,6990.47,5270.31,-2124.15,59,107,346,3
854,16676.1,143336.0,-7397.09,188,362,5847,4
855,9503.94,10027.3,-1470.0,38,154,587,3
856,4391.81,2788.67,-982.0089999999999,36,54,204,4
857,16657.3,162080.0,-7457.34,76,352,6744,2
858,23101.3,236818.0,-8180.0,90,537,8350,3
859,12250.7,57494.0,-7835.0,136,288,2972,1
860,3872.32,2168.59,-1121.5,20,54,165,2
861,6855.47,5092.29,-2254.51,71,107,346,3
862,5262.96,3397.3,-794.783,50,51,132,2
863,10041.2,17073.0,-3755.47,77,172,973,3
864,4808.96,4806.0,-1494.0,15,75,367,1
865,18626.5,205686.0,-10037.0,93,462,6527,1
866,8437.93,21213.0,-3414.0,34,164,1214,1
867,8323.97,25212.9,-3166.83,35,157,1519,3
868,13848.5,146770.0,-8772.0,52,305,5635,1
869,8379.53,10353.8,-2800.51,91,139,587,2
870,8936.12,28128.2,-2820.32,95,156,1521,4
871,6904.04,5310.65,-2302.97,73,107,346,3
872,8686.88,16848.0,-4304.66,35,183,931,5
873,8956.47,39562.6,-3180.0,21,196,1885,3
874,9244.61,29972.0,-5500.0,33,172,1575,1
875,3809.78,2233.91,-560.852,3,43,161,5
876,13225.2,72383.8,-3893.03,74,262,3211,5
877,5550.26,4957.0,-1267.0,105,86,347,3
878,9966.61,23856.0,-3753.0,23,165,1305,1
879,18614.5,94817.0,-9338.0,76,356,3982,1
880,9245.69,14086.6,-2779.5,33,148,729,4
881,7050.77,4058.54,-2283.05,75,101,249,4
882,13676.1,52975.6,-5914.08,49,288,2334,5
883,14352.5,142067.0,-6869.88,0,362,5847,4
884,8126.36,9666.0,-3569.0,24,142,554,1
885,4305.87,1937.45,-1055.69,5,63,166,3
886,4707.34,2881.28,-1209.12,38,67,224,4
887,10066.2,27040.4,-3270.03,32,174,1415,4
888,17450.0,120164.0,-7539.0,66,347,4535,1
889,7759.74,11829.1,-2670.43,80,128,693,3
890,9974.0,49758.0,-5555.0,19,179,2246,1
891,19082.7,162490.0,-9730.0,86,388,6290,3
892,14641.8,52364.3,-3059.12,57,288,2334,5
893,9490.33,34468.0,-4616.79,130,208,1691,4
894,7648.25,9477.51,-2428.15,16,123,621,3
895,13955.4,52162.9,-5955.37,55,288,2334,5
896,5181.33,4305.66,-1840.0,15,88,292,5
897,4681.31,4194.68,-1900.0,11,79,317,2
898,15598.9,117478.0,-5440.0,52,271,4426,3
899,9265.17,22725.8,-2777.06,77,145,1156,4
900,13313.9,141507.0,-6353.09,174,308,6057,3
901,6565.52,13172.6,-1572.9,20,96,804,2
902,11835.0,16419.3,-3290.0,45,145,519,5
903,16790.2,186612.0,-8862.0,190,360,6978,1
904,12022.1,114493.0,-2330.0,38,235,4905,2
905,10255.1,30859.5,-3034.26,99,171,1747,4
906,5377.78,4276.17,-1200.33,18,72,340,4
907,5698.17,4533.48,-1174.12,19,72,340,5
908,19528.5,181783.0,-5310.0,71,403,6746,4
909,11750.3,44735.6,-3110.0,46,223,2059,3
910,8764.3,13635.4,-2944.51,13,148,729,4
911,11536.8,27644.0,-827.0,29,166,1111,3
912,14016.5,49518.0,-5312.0,22,226,2263,3
913,10389.3,55155.0,-3557.0,20,205,2824,1
914,10042.5,8922.0,-3609.0,32,125,347,1
915,11491.2,33085.8,-1840.0,28,234,1581,2
916,13106.3,82418.0,-7527.0,47,325,3465,1
917,18401.5,161278.0,-9540.0,80,388,6290,3
918,5081.34,2945.66,-1182.27,43,67,224,3
919,5383.93,4704.55,-1120.0,12,79,317,5
920,10193.0,34175.2,-3452.03,80,176,1922,4
921,3945.62,1445.45,-989.383,42,52,133,2
922,11879.9,73170.0,-7014.0,62,253,3623,1
923,14341.9,59520.7,-6651.72,157,305,2610,2
924,14819.0,71100.6,-3510.0,63,224,2192,4
925,8545.76,15478.0,-3906.0,24,172,894,1
926,10306.7,18710.0,-6895.0,121,203,938,1
927,8395.77,19475.7,-209.0,21,119,973,5
928,6207.89,7573.13,-1726.45,50,93,545,3
929,22082.0,412385.0,-8730.0,57,473,14125,2
930,11486.7,42681.2,-1960.0,32,166,1414,3
931,16760.7,159964.0,-7603.41,81,352,6744,2
932,11828.0,58300.2,-2350.0,66,223,2822,4
933,14385.1,139075.0,-4360.0,57,315,5844,4
934,13167.9,61614.0,-8234.0,52,319,2904,1
935,8827.62,16824.0,-4256.86,34,183,931,5
936,9526.5,27445.5,-2470.0,24,166,1414,5
937,20351.6,166244.0,-9870.0,90,449,5537,2
938,15062.9,134097.0,-8653.0,86,361,5642,1
939,2433.57,49.3236,-453.0,8,33,5,5
940,25132.5,470341.0,-13200.0,45,483,15505,3
941,18577.3,160922.0,-3690.0,85,388,6290,3
942,9647.41,17413.8,-4052.18,35,183,931,5
943,11512.8,30299.3,-325.0,32,166,1111,4
944,7242.79,6753.42,-987.0,15,119,395,4
945,5782.62,7147.05,-1645.55,50,93,545,4
946,9035.99,24760.0,-2040.0,22,166,1111,3
947,5843.9,4847.29,-1490.0,23,85,343,5
948,12063.7,71392.2,-5554.8,43,262,3211,5
949,17113.0,162091.0,-7441.99,76,352,6744,2
950,9528.39,51523.7,-3120.0,33,188,2599,3
951,9709.1,27247.6,-2400.0,33,166,1414,5
952,13495.2,96110.0,-7750.0,45,296,4342,1
953,16338.4,160923.0,-7467.8,73,352,6744,2
954,7829.81,12871.1,-2740.65,16,132,806,4
955,8638.07,16466.5,-2743.15,77,142,844,3
956,4548.93,2819.88,-1394.68,52,67,224,5
957,10676.1,21116.0,-5247.0,47,213,1165,1
958,5007.59,4945.0,-1372.0,34,77,340,1
959,12979.5,57935.1,-4060.0,46,224,2192,4
960,14909.4,112349.0,-3416.0,54,329,5117,1
961,6590.17,3567.0,-3317.0,3,100,268,1
962,22473.0,514645.0,-11465.5,145,540,18067,4
963,9091.56,26638.3,-2991.51,88,158,1403,4
964,5454.08,4078.1,-1539.04,120,88,318,2
965,8401.29,26143.6,-3130.0,25,156,1364,3
966,6931.94,4083.13,-2329.27,70,101,249,4
967,8939.87,26219.7,-1930.0,32,156,1364,3
968,7567.11,14002.0,-3188.0,36,141,886,1
969,5476.98,3982.0,-1252.0,47,91,320,1
970,4922.11,1554.64,-729.944,13,51,102,4
971,16150.3,251012.0,-9368.0,85,409,9406,1
972,14834.4,79762.7,-7025.57,73,320,3466,5
973,10585.4,83993.9,-2350.0,18,220,3450,3
974,12282.8,46748.0,-1450.0,47,223,2059,3
975,6963.49,9343.07,-3218.36,16,138,554,2
976,14388.0,95056.9,-5910.85,58,294,4249,5
977,9444.21,30464.0,-3250.84,120,171,1747,5
978,5208.86,3135.02,-1179.71,37,67,224,3
979,7061.03,4059.86,-2290.12,69,101,249,4
980,8900.25,12235.9,-2797.59,89,136,619,4
981,13928.4,53367.8,-5924.04,58,288,2334,5
982,13109.6,60817.6,-5810.0,28,247,2754,3
983,12746.3,98134.9,-2490.0,15,220,3450,3
984,14353.8,121382.0,-8811.0,213,317,4723,1
985,4707.64,3845.66,-1410.0,21,79,317,2
986,2620.23,48.8436,-394.0,6,33,5,5
987,7433.07,13070.0,-2630.0,18,134,845,1
988,14700.3,144419.0,-6112.15,174,308,6057,4
989,5121.27,3417.11,-810.546,50,51,132,2
990,11843.3,50626.0,-5590.0,37,222,2190,3
991,7981.66,7686.05,-248.0,147,109,486,5
992,9159.66,32186.6,-3396.18,51,176,1922,3
993,11978.5,46880.9,-5110.0,21,215,2188,3
994,4103.81,1905.19,-1087.44,7,63,166,3
995,22727.4,186768.0,-2600.0,88,403,6746,3
996,20228.6,311602.0,-13252.0,61,515,10536,1
997,8336.13,11845.9,-2538.1,89,128,693,2
998,5389.06,5070.06,-1520.0,26,85,343,5
999,9265.02,11584.9,-2938.91,26,156,654,4
1000,16251.2,162174.0,-3306.92,79,352,6744,2
1001,8622.52,37689.6,-3932.59,53,180,2054,4
1002,16321.9,144540.0,-7488.98,207,362,5847,4
1003,9761.88,39991.1,-2818.7,66,159,2181,5
1004,6567.62,10486.0,-2194.0,10,116,725,1
1005,6267.18,7350.97,-1622.71,54,93,545,2
1006,6660.9,12937.0,-2472.0,15,122,804,1
1007,8668.18,10477.0,-2754.48,88,139,587,2
1008,17032.8,162001.0,-8760.0,71,388,6290,3
1009,22140.1,516395.0,-11582.6,146,540,18067,4
1010,13783.8,105073.0,-7044.0,65,321,4812,1
1011,4431.11,3208.69,-1204.71,34,71,249,4
1012,6522.99,13642.7,-1579.21,11,96,804,2
1013,11619.2,112800.0,-3030.0,51,235,4905,3
1014,7575.12,9002.38,-1660.0,28,102,516,5
1015,8887.73,25085.8,-3082.38,32,157,1519,3
1016,18143.5,97301.0,-7136.0,94,373,3556,1
1017,7610.81,12841.4,-2757.0,15,132,806,4
1018,16200.9,139317.0,-10029.0,161,362,5742,1
1019,6956.38,8910.23,-795.0,22,102,516,5
1020,15115.1,80707.2,-1440.0,69,223,2059,3
1021,8901.02,32428.9,-3675.77,92,176,1922,3
1022,11300.6,87103.4,-3220.0,17,220,3450,4
1023,13034.4,61087.0,-6752.0,113,290,2980,1
1024,10247.1,21673.0,-5139.0,41,197,1025,1
1025,10773.5,84271.3,-1280.0,19,220,3450,3
1026,5070.81,2965.58,-1195.34,45,67,224,4
1027,10567.7,37931.1,-4152.45,129,205,1751,2
1028,10569.4,28563.0,-4303.65,59,214,1469,4
1029,7349.02,14054.5,-2313.02,92,120,809,3
1030,7344.18,5321.6,-1922.48,72,107,346,3
1031,5337.44,2971.52,-1143.56,36,67,224,3
1032,15651.6,116520.0,-5350.0,58,271,4426,2
1033,13155.2,60447.3,-5080.0,36,247,2754,4
1034,20324.6,231044.0,-8560.0,115,537,8350,3
1035,8226.14,21719.0,-2917.0,79,157,1258,1
1036,7979.52,9882.08,-2419.67,28,123,621,4
1037,5017.6,4334.18,-1820.0,14,79,317,2
1038,6721.36,2965.88,-1448.7,71,87,168,1
1039,6730.47,9614.83,-2876.15,10,123,621,1
1040,5828.73,11134.4,-2089.42,21,102,764,4
1041,13426.2,114353.0,-1640.0,52,235,4905,3
1042,7104.31,5418.05,-1660.0,11,79,292,2
1043,19650.8,409670.0,-11500.0,63,473,14125,2
1044,4016.97,1991.91,-1086.2,5,63,166,3
1045,12201.1,60692.1,-6130.0,25,247,2754,3
1046,9958.3,10525.3,-2500.0,40,154,587,3
1047,6183.55,7215.07,-1570.96,45,93,545,4
1048,13354.4,58028.7,-4320.0,39,224,2192,4
1049,18425.0,173398.0,-5210.0,79,403,6746,3
1050,7827.53,4563.0,-3261.0,2,107,188,1
1051,17907.0,164425.0,-12973.0,323,422,5539,1
1052,8081.76,9476.5,-2933.9,98,130,490,2
1053,13700.2,59988.2,-3940.0,45,215,2188,4
1054,11750.0,142056.0,-4981.0,22,256,6278,1
1055,14434.2,127300.0,-4558.0,78,365,5220,1
1056,8629.68,29452.0,-4554.0,99,183,1633,1
1057,12445.6,70485.5,-5509.85,36,262,3211,5
1058,5662.59,2223.17,-1430.14,15,82,185,4
1059,19405.0,191253.0,-10477.0,70,430,6866,1
1060,7182.16,4005.01,-2281.25,69,101,249,4
1061,9442.04,26169.5,-3364.22,26,174,1415,4
1062,8320.92,23160.0,-4905.0,54,166,1309,1
1063,17121.7,85336.0,-7587.0,58,242,2125,1
1064,13927.6,85304.0,-5407.0,57,273,3456,1
1065,12446.6,71115.4,-5829.62,27,262,3211,5
1066,5811.57,3665.0,-1565.0,35,79,250,1
1067,2567.85,52.6466,-548.0,6,33,5,5
1068,9582.21,12122.5,-2664.17,92,136,619,3
1069,9609.7,38918.9,-4268.64,25,193,2118,3
1070,14791.7,140010.0,-5030.0,45,315,5844,3
1071,24246.4,283736.0,-12700.0,73,540,8870,3
1072,11121.3,28692.9,-2130.0,32,194,1521,4
1073,17361.0,190729.0,-8823.0,48,284,4627,1
1074,23936.5,250456.0,-9080.0,95,537,8350,3
1075,8066.08,45495.0,-4864.0,42,172,2455,1
1076,9577.21,20281.9,-2594.39,83,151,1023,5
1077,4883.17,3220.97,-1175.58,28,71,249,4
1078,4627.17,2807.92,-1256.75,32,67,224,4
1079,11416.7,68962.0,-4718.9,123,247,3373,2
1080,6040.65,4219.98,-1167.72,119,88,318,3
1081,3977.54,1446.14,-975.877,42,52,133,2
1082,8770.1,11172.4,-3092.27,34,156,654,4
1083,14708.8,110617.0,-8910.0,54,322,4619,1
1084,14341.2,139667.0,-4610.0,44,315,5844,3
1085,11448.8,112670.0,-3190.0,46,235,4905,3
1086,8546.67,16979.0,-3221.0,41,177,976,1
1087,10978.4,39827.6,-3924.89,32,193,2118,4
1088,5070.76,2880.15,-1235.61,54,67,224,2
1089,7627.04,3722.0,-2012.0,10,90,168,1
1090,11257.8,51260.4,-4930.0,21,216,2677,3
1091,13793.3,101543.0,-9117.0,50,307,4536,1
1092,10174.7,10322.3,-2180.0,34,154,587,3
1093,9278.6,39095.3,-2190.0,16,196,1885,3
1094,10438.5,27767.5,-4069.9,67,214,1469,5
1095,4755.54,1151.84,-791.207,16,51,102,5
1096,14107.6,55699.1,-4460.0,33,215,2188,3
1097,14520.8,185944.0,-7460.0,166,307,6856,1
1098,16749.2,117320.0,-4520.0,62,271,4426,3
1099,9502.33,25699.1,-3325.66,32,174,1415,4
1100,22357.5,408588.0,-7930.0,163,473,14125,1
1101,25749.1,305686.0,-5480.0,99,537,8350,4
1102,8990.32,27026.6,-1960.0,30,156,1364,3
1103,10200.4,37029.1,-3550.0,45,196,1997,3
1104,19127.5,395122.0,-10316.0,62,483,13616,1
1105,18285.2,143332.0,-5770.0,74,449,5537,2
1106,6999.46,13915.0,-2493.0,92,120,809,3
1107,7192.66,8352.0,-1868.0,21,128,520,1
1108,9582.78,31217.4,-3040.86,95,171,1747,5
1109,13244.3,142610.0,-6401.48,190,308,6057,3
1110,5640.53,11106.8,-1853.29,24,102,764,4
1111,16195.5,167646.0,-7675.83,84,352,6744,2
1112,9960.86,26600.1,-3311.34,29,174,1415,4
1113,13974.6,205332.0,-10237.0,66,347,8206,1
1114,4127.38,1937.71,-1093.11,6,63,166,3
1115,13196.9,102202.0,-6058.0,82,329,4345,1
1116,2495.77,52.2358,-547.0,6,33,5,5
1117,20428.7,342802.0,-12263.0,293,451,11877,1
1118,11383.2,115159.0,-4610.0,33,235,4905,2
1119,15458.6,116003.0,-5280.0,54,271,4426,3
1120,16352.5,207560.0,-10731.0,87,387,8211,1
1121,10039.6,61194.0,-5987.0,26,216,3281,1
1122,8447.87,20320.6,-3496.65,94,163,1162,4
1123,10508.5,35637.0,-3479.0,28,205,1692,1
1124,6179.12,5223.24,-2220.0,8,79,292,2
1125,9051.53,23420.0,-3110.0,27,179,1312,1
1126,8672.28,29463.0,-4007.0,32,182,1633,1
1127,10202.4,35610.3,-4416.55,118,208,1691,4
1128,11761.5,44695.9,-3270.0,46,223,2059,3
1129,10018.4,32699.0,-4777.0,108,173,1752,1
1130,9055.52,29103.4,-3437.35,32,179,1626,5
1131,11682.8,67712.2,-2014.94,66,247,3373,1
1132,25157.0,475712.0,-10900.0,43,483,15505,3
1133,13638.0,162182.0,-5978.27,170,287,6171,1
1134,9178.21,27151.4,-3088.72,96,158,1403,3
1135,8603.2,10370.8,-2818.4,96,139,587,2
1136,4010.19,2178.0,-1063.89,20,54,165,2
1137,2550.42,52.7301,-319.0,96,33,5,2
1138,8250.14,12108.6,-2567.51,78,128,693,3
1139,7868.57,12102.3,-2511.61,82,128,693,3
1140,7295.27,14122.6,-2310.31,73,120,809,3
1141,11666.0,53288.0,-2668.0,88,169,1687,1
1142,24489.6,254534.0,-8950.0,105,537,8350,3
1143,8126.81,9177.95,-976.0,26,102,516,5
1144,8029.93,21801.0,-4473.0,39,144,1207,1
1145,24076.9,269238.0,-11300.0,80,540,8870,3
1146,8978.86,50103.5,648.0,43,188,2599,4
1147,9759.47,33060.1,-3870.0,35,166,1414,1
1148,23472.1,476079.0,-12500.0,55,483,15505,3
1149,13982.2,144518.0,-6290.72,139,308,6057,4
1150,7782.16,6518.0,-2882.0,27,120,458,1
1151,9829.02,38973.0,-5079.0,22,197,2051,1
1152,14305.3,82812.7,-5260.0,52,272,3539,4
1153,12894.8,50972.1,-5290.0,34,234,2464,2
1154,8650.54,25322.2,-3166.12,37,157,1519,3
1155,2726.91,52.5799,-430.0,92,33,5,4
1156,10637.7,68790.2,-5278.86,147,247,3373,5
1157,9119.6,29242.9,-3359.76,33,179,1626,5
1158,16474.1,156622.0,-8628.0,56,340,6178,1
1159,21518.7,242311.0,-10500.0,104,537,8350,3
1160,5686.6,7643.18,-1804.92,69,104,457,2
1161,9781.53,32958.0,-3479.11,83,176,1922,4
1162,3994.58,1443.9,-998.054,42,52,133,2
1163,9890.0,17482.0,-2680.0,24,137,886,1
1164,9269.49,33880.0,-3908.0,72,168,1865,1
1165,11367.6,58186.0,-5547.0,42,220,2388,1
1166,8556.98,25501.5,-3174.38,32,157,1519,3
1167,9169.75,24253.0,-2906.45,23,154,1252,5
1168,17479.7,130316.0,-6787.0,33,296,4067,1
1169,18966.7,181433.0,-4810.0,88,403,6746,3
1170,11018.3,49977.6,-4430.0,22,216,2677,3
1171,14574.2,51195.6,-3890.0,39,234,2464,3
1172,7191.21,8561.13,-1723.04,19,97,425,5
1173,13782.9,60587.7,-2490.0,61,223,2822,4
1174,13678.4,57335.0,-5957.0,55,287,2405,1
1175,9579.54,39916.1,-2610.0,11,196,1885,3
1176,13759.7,79688.0,-5038.0,70,283,3298,1
1177,22931.7,280625.0,-9585.27,73,468,9276,5
1178,9465.86,30363.3,-3197.55,125,171,1747,5
1179,7175.6,5759.0,-2562.0,13,118,402,1
1180,12599.6,40221.0,-770.0,60,234,1581,2
1181,4699.26,2375.78,-823.0939999999999,44,51,132,5
1182,8334.2,9499.81,-2868.48,97,130,490,2
1183,16108.5,128794.0,-4195.0,90,333,5121,1
1184,5435.62,2735.85,-1114.27,35,67,224,3
1185,6418.0,10338.4,-2620.0,14,109,689,3
1186,10106.7,27928.0,-2735.9,76,158,1403,5
1187,13731.5,85350.0,-6827.0,107,259,3297,1
1188,3795.82,2193.97,-1149.16,20,54,165,2
1189,13268.3,60773.9,-4570.0,26,247,2754,3
1190,7368.76,9526.94,-1150.0,26,102,516,5
1191,11253.4,87103.4,-3160.0,17,220,3450,3
1192,14641.8,147058.0,-6063.28,175,308,6057,4
1193,16282.6,196107.0,-9810.0,68,390,7459,4
1194,8370.33,37445.8,-2380.0,17,196,1885,3
1195,8881.74,37240.8,-3739.61,52,180,2054,5
1196,7102.15,15200.0,-2248.0,21,122,849,1
1197,9978.71,38242.1,-3560.61,41,180,2054,5
1198,6561.79,9073.0,-1839.0,21,109,587,1
1199,13845.8,81882.7,-6420.0,72,272,3539,4
1200,7989.2,9613.02,-3049.05,95,130,490,2
1201,14215.6,50917.7,-3730.0,40,234,2464,3
1202,8840.38,28729.4,-3420.37,33,179,1626,5
1203,16289.0,117560.0,-3790.0,60,271,4426,2
1204,3709.38,1332.06,-626.385,33,40,100,2
1205,6972.91,13536.2,-1397.81,18,96,804,3
1206,7677.23,12846.4,-2752.46,15,132,806,4
1207,8664.3,13479.6,-2929.17,23,148,729,4
1208,5464.56,4241.36,-1700.0,11,79,317,2
1209,7855.94,16821.0,-1851.0,29,127,896,1
1210,10040.9,25874.0,-3617.0,46,202,1261,1
1211,7470.13,14290.1,-2371.38,88,120,809,3
1212,5756.41,11137.8,-1875.06,19,102,764,4
1213,17514.8,270319.0,-9333.0,310,401,9680,1
1214,9024.17,12062.2,-2586.91,73,136,619,4
1215,6725.22,5383.21,-1640.0,8,79,292,2
1216,6658.25,7341.33,-1463.01,37,93,545,4
1217,15251.9,141424.0,-3360.0,54,315,5844,3
1218,8263.76,9660.91,-2860.16,23,138,554,4
1219,9341.85,22297.7,-4038.71,27,176,1313,5
1220,7542.62,5111.0,-2959.0,37,118,316,1
1221,7296.03,11115.0,-1501.0,28,104,454,1
1222,7076.03,7333.25,-2509.39,16,122,429,1
1223,3319.43,1360.59,-241.483,0,40,100,3
1224,4188.12,1883.24,-1074.99,7,63,166,3
1225,8524.58,12132.7,-2497.14,94,128,693,5
1226,11022.6,85549.8,-3900.0,29,220,3450,4
1227,19801.3,282968.0,-9881.0,112,572,10117,1
1228,9538.67,26758.0,-3913.0,216,182,1521,1
1229,6822.74,4132.18,-2160.0,29,86,205,5
1230,10647.6,53526.0,-5328.0,24,184,2320,1
1231,2427.73,46.5214,-368.0,96,33,5,2
1232,9935.58,40668.0,-3910.0,113,207,2061,1
1233,13027.8,50435.6,-4460.0,37,234,2464,3
1234,6054.11,5045.81,-2420.0,11,79,292,3
1235,10604.7,37586.4,-3860.0,35,196,1997,4
1236,7932.91,4738.13,-2734.34,36,131,271,5
1237,13080.3,61049.9,-3940.0,41,247,2754,4
1238,5715.32,2284.09,-1407.75,14,82,185,4
1239,5044.38,3017.0,-1693.0,5,72,223,1
1240,16637.6,143577.0,-7537.29,182,362,5847,4
1241,13758.5,52944.1,-4270.0,39,215,2188,5
1242,8735.63,28082.3,-2630.0,28,166,1414,4
1243,8976.78,28716.7,-1990.0,35,156,1364,5
1244,11960.0,52384.6,-3690.0,24,216,2677,3
1245,19614.2,501801.0,-12113.0,278,506,16575,1
1246,9293.86,13624.8,-2839.02,16,148,729,4
1247,10007.3,54519.0,-4101.0,20,206,2742,1
1248,6757.58,10897.0,-3399.0,23,116,654,1
1249,13051.4,61037.5,-4340.0,37,247,2754,4
1250,6194.15,4260.75,-1134.57,95,88,318,2
1251,11565.4,57992.2,-4366.97,126,217,2904,3
1252,18660.6,139146.0,-3790.0,105,449,5537,2
1253,3728.92,2215.58,-570.825,3,43,161,5
1254,12418.0,74874.2,-3630.0,27,249,3630,2
1255,12343.2,59264.0,-3817.53,142,217,2904,1
1256,7763.05,4526.3,-2731.4,27,131,271,5
1257,9746.76,26052.6,-3309.73,28,174,1415,4
1258,2353.64,48.9971,-476.0,8,33,5,5
1259,20319.2,458602.0,-13100.0,51,483,15505,4
1260,8973.75,11164.8,-3042.66,41,156,654,4
1261,5589.63,4176.87,-1556.0,126,88,318,2
1262,18598.2,219143.0,-11177.0,66,452,8092,1
1263,9500.66,11433.0,-2620.07,88,139,587,5
1264,7004.02,11577.0,-3158.0,16,122,696,1
1265,19690.6,206794.0,-11565.0,55,352,6063,1
1266,10977.0,83560.8,-1840.0,24,220,3450,3
1267,10760.4,39499.0,-5090.0,195,253,2061,1
1268,7027.26,9305.0,-2823.0,15,117,553,1
1269,23798.5,409224.0,-14081.0,105,552,12996,1
1270,5058.72,4087.11,-1268.13,16,72,340,4
1271,21580.7,284392.0,-14653.0,51,513,9696,1
1272,2563.23,50.9054,-420.0,92,33,5,2
1273,9973.69,25899.1,-774.0,19,166,1111,3
1274,12942.1,60079.5,-4710.0,24,247,2754,3
1275,6943.55,17346.0,-1834.0,31,136,1022,1
1276,18148.5,198005.0,-7140.0,61,390,7459,3
1277,6260.56,11656.0,-1851.04,17,105,765,3
1278,5169.07,4599.89,-1510.0,29,85,343,5
1279,12030.4,57419.2,-4270.0,34,223,2822,4
1280,21138.1,408618.0,-9880.0,64,473,14125,2
1281,5960.68,11248.8,-1938.34,25,102,764,4
1282,8314.78,25491.7,-3230.77,33,157,1519,3
1283,3790.43,2219.17,-547.57,3,43,161,5
1284,9495.11,39294.8,-3090.0,15,196,1885,3
1285,5271.61,3081.26,-1113.77,38,71,249,3
1286,13586.9,52404.5,-6003.56,50,288,2334,5
1287,5641.39,4287.75,-1540.0,13,88,292,2
1288,12851.4,80768.0,-7079.0,136,334,3803,1
1289,11144.9,67829.7,-5417.43,142,247,3373,5
1290,13964.3,61103.9,-5050.0,28,247,2754,3
1291,2406.8,50.6821,-473.0,96,33,5,2
1292,5120.47,2956.27,-1117.76,45,67,224,4
1293,12385.9,40858.1,-2850.0,38,234,1581,2
1294,13005.6,72489.8,-5538.98,34,262,3211,5
1295,20782.5,378608.0,-10140.0,71,465,13465,1
1296,3443.75,1308.09,-717.24,33,40,100,2
1297,4097.02,1227.88,-895.96,35,51,102,5
1298,7304.79,7255.36,-1510.0,159,109,486,5
1299,10155.0,34791.1,-3000.0,31,166,1414,4
1300,14235.2,98345.9,-6528.58,35,281,3974,1
1301,11384.5,68991.3,-5200.48,147,247,3373,5
1302,7244.01,4110.14,-2240.61,70,101,249,4
1303,4625.93,4226.39,-1940.0,12,79,317,2
1304,7567.98,15375.9,-2663.01,67,134,970,3
1305,6410.16,5266.96,-2210.0,6,79,292,2
1306,9790.18,33581.5,-3614.37,91,176,1922,3
1307,10390.4,37688.6,-3050.0,36,196,1997,4
1308,12369.5,60324.0,-7202.0,196,291,2825,1
1309,12540.6,74894.0,-4610.0,26,249,3630,2
1310,12294.6,73315.5,-4610.0,24,249,3630,2
1311,25813.5,288239.0,-10100.0,108,537,8350,3
1312,13978.9,140114.0,-6126.33,164,308,6057,3
1313,9228.26,20939.9,-3322.42,84,163,1162,2
1314,8468.18,16668.6,-2727.34,85,142,844,3
1315,9114.24,26567.4,-2250.0,29,156,1364,3
1316,19826.0,279817.0,-11745.0,268,418,9275,1
1317,9705.13,33422.5,-3556.04,89,176,1922,4
1318,25496.6,411969.0,-12520.0,167,563,12827,1
1319,9045.42,17163.6,-4195.57,34,183,931,5
1320,18705.1,267599.0,-10496.0,36,396,9400,1
1321,13297.4,39800.6,-2260.0,44,234,1581,2
1322,9912.66,25946.0,-3086.0,50,185,1522,1
1323,7929.26,8568.0,-2136.0,66,154,553,1
1324,6434.38,13248.6,-1685.07,10,96,804,2
1325,4124.7,2177.29,-1034.97,20,54,165,2
1326,9406.46,22695.2,-2250.0,11,166,1111,3
1327,16071.1,192851.0,-9540.0,53,390,7459,4
1328,9779.28,32369.0,-3867.0,84,174,1631,1
1329,8664.9,21422.0,-4481.0,31,165,1305,1
1330,9959.17,28656.0,-3032.0,11,141,1259,1
1331,7852.46,6687.27,-2100.0,22,119,395,5
1332,12773.0,70843.0,-5725.0,29,210,2894,1
1333,3853.86,2179.85,-1142.13,20,54,165,2
1334,13587.4,75999.8,-4760.0,43,264,3217,3
1335,7278.14,9494.52,-2373.61,19,123,621,3
1336,11380.0,112975.0,-3950.0,39,235,4905,2
1337,6862.51,8242.85,-1895.74,69,107,517,5
1338,7546.32,6816.97,-1130.0,16,119,395,4
1339,22285.9,279444.0,-9728.33,79,468,9276,5
1340,11676.8,56515.0,-5334.0,160,251,2539,1
1341,8115.99,9459.69,-1260.0,30,102,516,5
1342,5048.07,4249.16,-1020.0,10,79,317,2
1343,17926.7,176202.0,-4680.0,68,403,6746,3
1344,10337.4,28561.9,-2727.94,73,158,1403,4
1345,12038.0,32889.0,-6870.0,134,235,1421,1
1346,7895.89,15427.5,-2552.19,58,134,970,4
1347,16841.0,117209.0,-9093.0,98,330,4342,1
1348,17429.8,177501.0,-12433.0,90,494,7102,1
1349,13952.3,56593.3,-3310.0,23,215,2188,3
1350,8746.61,20178.3,-3378.02,104,163,1162,2
1351,5905.54,7181.2,-1618.79,43,93,545,4
1352,13177.8,77149.6,-6907.27,99,320,3466,5
1353,10854.4,27178.0,-2268.89,38,214,1469,3
1354,10854.1,38612.9,-3776.82,22,193,2118,4
1355,8588.78,26821.5,-2540.0,33,156,1364,3
1356,9482.04,24961.1,-1050.0,23,166,1111,3
1357,8882.31,28723.5,-3491.35,38,179,1626,5
1358,5669.84,5134.41,-1220.0,22,85,343,5
1359,9409.19,26958.2,-2130.0,22,166,1414,5
1360,5178.13,3462.14,-791.143,50,51,132,3
1361,9531.35,10266.3,-2410.0,37,154,587,3
1362,2533.12,48.0635,-454.0,96,33,5,3
1363,16915.0,135908.0,-8962.0,216,360,5741,1
1364,7617.93,4784.35,-2717.41,33,131,271,5
1365,9351.05,25740.0,-3165.06,25,174,1415,4
1366,12399.1,74831.0,-3980.0,29,249,3630,2
1367,7128.7,9270.96,-3156.26,16,138,554,2
1368,13426.0,75429.8,-4500.0,44,264,3217,3
1369,19186.7,161257.0,-9460.0,87,388,6290,3
1370,19277.3,178669.0,-5040.0,84,403,6746,3
1371,12672.6,69793.0,-8708.0,79,267,3214,1
1372,13760.7,141937.0,-6159.39,191,308,6057,3
1373,5192.89,4264.28,-1320.0,10,79,317,2
1374,6594.91,4064.85,-1839.71,41,101,270,5
1375,7884.15,12866.3,-2813.8,15,132,806,4
1376,6957.41,13250.4,-1535.58,24,96,804,2
1377,8790.12,12028.5,-2747.59,95,136,619,3
1378,9366.12,16918.7,-3924.08,79,172,973,3
1379,9726.57,29529.3,-1440.0,47,166,1414,3
1380,5506.88,4363.31,-954.0,16,88,292,2
1381,5918.34,4753.5,-1180.0,22,85,343,5
1382,10501.1,48215.7,-4350.0,21,216,2677,3
1383,13716.5,53123.3,-4760.0,37,215,2188,3
1384,7826.51,9444.61,-3055.8,98,130,490,2
1385,12392.1,73775.2,-2180.0,24,249,3630,2
1386,9759.87,52089.2,-3140.0,32,188,2599,3
1387,2371.63,50.0699,-432.0,8,33,5,5
1388,5239.13,4522.0,-828.0,23,88,292,2
1389,6828.12,4067.96,-2333.01,71,101,249,4
1390,15769.5,114650.0,-4170.0,53,271,4426,2
1391,11711.8,64548.0,-5332.0,57,259,3052,1
1392,10780.2,83339.3,-2490.0,28,220,3450,3
1393,8276.09,23457.0,-2731.34,29,154,1252,5
1394,10020.4,26756.9,-3277.48,22,174,1415,4
1395,6951.57,14047.1,-2322.27,90,120,809,3
1396,9412.21,52062.6,-2650.0,27,188,2599,3
1397,23275.0,468476.0,-12500.0,44,483,15505,3
1398,12139.5,43842.0,-3198.0,39,212,1585,1
1399,22045.9,411459.0,-9510.0,63,473,14125,2
1400,13685.8,98380.3,-5494.96,144,281,4061,4
1401,9973.46,26216.1,-3356.88,26,174,1415,4
1402,5302.09,2255.64,-1426.6,26,82,185,5
1403,9171.82,37729.0,-3995.84,38,180,2054,5
1404,4145.9,1946.04,-1109.91,6,63,166,3
1405,7659.93,16065.0,-3086.0,53,161,930,1
1406,4899.49,4154.84,-1349.72,25,72,340,4
1407,14153.3,52032.8,-5815.39,55,288,2334,5
1408,2614.5,51.7852,-119.0,6,33,5,5
1409,13204.4,75433.9,-3890.0,47,264,3217,3
1410,5611.34,1773.48,-1430.97,14,76,147,5
1411,5145.11,4788.35,-1090.0,22,85,343,5
1412,10708.3,35061.5,-4273.01,110,208,1691,5
1413,11133.0,26813.1,-4137.09,41,214,1469,3
1414,13947.5,103142.0,-10075.0,54,335,4250,1
1415,10180.2,35611.6,-4385.4,119,208,1691,4
1416,11566.8,39826.0,-4583.0,33,217,1866,1
1417,7433.23,14427.6,-2305.49,83,120,809,3
1418,9907.35,28003.6,-3370.0,23,194,1521,4
1419,13459.1,100453.0,-7683.0,66,309,4247,1
1420,18301.2,179843.0,-5930.0,74,403,6746,3
1421,4600.17,2622.0,-1442.0,5,71,184,1
1422,8335.84,10317.9,-2298.04,22,123,621,4
1423,9963.45,26777.3,-3302.47,30,174,1415,4
1424,6771.76,5029.31,-2188.93,60,107,346,3
1425,12815.0,70075.2,-5557.66,43,262,3211,5
1426,24224.4,465524.0,-12700.0,57,483,15505,4
1427,6406.46,10267.8,-3040.0,16,109,689,3
1428,14173.8,142739.0,-6059.63,175,308,6057,4
1429,9372.11,24135.0,-2836.99,26,154,1252,5
1430,7236.47,4095.81,-2265.54,71,101,249,4
1431,5224.15,2842.69,-1169.14,48,67,224,4
1432,19839.5,179257.0,-9884.0,49,396,6076,1
1433,8340.98,19345.4,-2754.87,24,143,1066,1
1434,10102.4,49292.3,-5120.0,42,216,2677,4
1435,13252.2,79963.4,-5730.0,51,272,3539,3
1436,6874.72,13393.7,-1550.43,18,96,804,3
1437,4952.72,2764.26,-1202.52,41,67,224,2
1438,6420.87,10304.2,-3540.0,16,109,689,3
1439,7174.03,3027.0,-2085.0,11,108,187,1
1440,13921.5,63931.0,-2500.0,40,223,2822,4
1441,5908.89,4176.32,-1554.0,126,88,318,2
1442,20602.7,143224.0,-7170.0,79,449,5537,3
1443,9633.3,38010.5,-3636.54,49,180,2054,4
1444,7614.64,14009.9,-2277.99,90,120,809,2
1445,3865.97,1444.97,-980.562,37,52,133,2
1446,10036.3,51996.9,-2640.0,37,188,2599,5
1447,7086.25,14210.8,-2419.21,88,120,809,3
1448,10523.0,50974.9,-4556.32,120,209,2534,4
1449,6069.77,4904.25,-665.0,21,85,343,5
1450,2488.87,51.1674,-572.0,6,33,5,5
1451,20363.8,167977.0,-8604.0,187,374,5026,1
1452,13029.4,79936.4,-5980.0,66,272,3539,3
1453,6905.68,11458.0,-3167.0,73,122,728,1
1454,11262.6,113222.0,-3570.0,49,235,4905,2
1455,4222.68,1358.0,-1940.0,4,63,117,1
1456,3987.68,1446.19,-994.0089999999999,42,52,133,2
1457,11019.7,35547.4,-3400.0,39,234,1581,2
1458,7867.97,4820.79,-2694.46,24,131,271,5
1459,6539.04,5200.78,-2201.2,53,107,346,3
1460,13181.2,46619.4,-5908.06,68,273,2061,4
1461,3853.34,2145.55,-558.268,12,43,161,5
1462,4945.19,3289.79,-1194.93,36,71,249,3
1463,8659.16,23270.0,-3897.0,8,138,1071,1
1464,15707.2,116106.0,-5050.0,54,271,4426,3
1465,15737.3,75265.0,-6833.0,55,317,3144,1
1466,8282.93,12161.8,-2572.74,86,128,693,3
1467,5634.17,4327.44,-1460.0,14,88,292,5
1468,9224.07,51849.7,-3870.0,29,188,2599,2
1469,8328.6,21021.0,-175.0,40,152,1157,1
1470,10875.2,44735.0,-4333.0,86,192,2189,1
1471,17927.7,116093.0,-6273.0,55,373,4259,1
1472,9855.2,36180.4,-4120.0,42,196,1997,5
1473,19223.7,297232.0,-9824.0,113,413,8722,1
1474,11897.6,50812.7,1570.0,34,215,2188,3
1475,9797.19,15412.0,-2835.0,247,154,811,1
1476,5155.67,3779.0,-1592.0,4,77,245,1
1477,7720.07,4917.0,-2807.0,2,107,207,1
1478,7662.62,12484.1,-2800.17,72,130,694,5
1479,14391.7,96064.3,-5714.92,54,294,4249,5
1480,15103.8,57782.0,-5193.0,20,233,2062,1
1481,8551.58,26576.3,-2690.0,24,156,1364,3
1482,25523.2,312903.0,-12300.0,79,540,8870,4
1483,17560.6,329969.0,-12518.0,54,398,11263,1
1484,9877.07,31100.9,-3196.81,117,171,1747,5
1485,10246.5,33538.8,-3403.04,91,176,1922,4
1486,5229.74,4255.3,-1280.0,14,88,292,5
1487,10424.9,62920.0,-7004.0,36,207,2748,1
1488,8400.42,11120.6,-3160.36,35,156,654,4
1489,2600.65,55.4455,-345.0,6,33,5,5
1490,11908.7,30235.9,-2080.0,39,194,1521,5
1491,15436.8,182696.0,-8787.74,68,367,7087,1
1492,5524.19,4319.3,-1440.0,17,88,292,2
1493,12175.4,73985.6,-5130.0,24,249,3630,2
1494,4728.36,3847.46,-1730.0,21,79,317,2
1495,6668.29,13663.3,-1590.55,18,96,804,2
1496,10526.1,51872.1,-4350.0,56,224,2192,2
1497,13788.7,91307.9,-5060.0,48,254,3885,3
1498,7004.33,5112.63,-2221.22,61,107,346,3
1499,5304.73,4449.89,-2130.0,9,79,292,2
1500,5260.89,4275.34,-1450.0,17,88,292,2
1501,8147.67,12969.9,-2468.08,22,132,806,4
1502,10124.9,17873.0,-3713.65,66,172,973,3
1503,2469.17,49.9553,-222.0,96,33,5,2
1504,11445.1,32499.9,-4173.44,109,204,1692,3
1505,5438.21,7096.74,-1595.96,45,93,545,4
1506,25351.5,476365.0,-11600.0,53,483,15505,3
1507,5101.67,2992.82,-1231.56,42,67,224,5
1508,9458.41,36234.1,-4510.0,43,196,1997,5
1509,8176.31,12161.9,-2446.82,77,128,693,3
1510,5538.77,4347.54,-1680.0,23,85,343,5
1511,9596.24,25395.6,-3270.6,20,174,1415,4
1512,8831.18,11432.2,-3178.81,47,156,654,4
1513,13261.0,60732.9,-4980.0,26,247,2754,3
1514,4776.94,2173.0,-1561.0,2,65,180,1
1515,7608.32,14960.0,-3181.0,68,145,851,1
1516,8751.11,12778.7,-2650.32,90,136,619,3
1517,5345.73,4244.03,-1300.0,19,88,292,2
1518,7285.19,9412.07,-2509.2,14,123,621,2
1519,10298.7,10391.1,-1700.0,35,154,587,2
1520,8982.72,27037.8,-3135.41,97,158,1403,3
1521,13529.8,52364.6,-6000.69,54,288,2334,5
1522,9419.29,34331.3,-3575.05,84,176,1922,4
1523,18976.2,230614.0,-13379.0,155,356,6747,1
1524,8804.57,12014.2,-2346.29,75,128,693,2
1525,6042.7,3197.0,-3861.0,15,127,270,1
1526,10369.9,21303.0,-2662.0,52,124,848,1
1527,10166.0,34834.3,-4397.74,130,208,1691,4
1528,13694.3,90410.3,-6030.0,51,254,3885,3
1529,24435.7,273730.0,-12100.0,80,540,8870,4
1530,11619.8,39217.0,-3988.74,112,205,1751,4
1531,22650.6,414002.0,-15714.0,124,580,13153,1
1532,5506.14,4275.84,-1600.0,14,88,292,5
1533,7029.5,13848.5,-2308.19,83,120,809,3
1534,5797.85,4268.28,-1552.03,122,88,318,2
1535,6915.17,9370.4,-3264.72,23,138,554,2
1536,8539.04,11290.6,-3114.73,35,156,654,4
1537,6011.11,7351.58,-1623.49,50,93,545,2
1538,9434.91,30505.9,-3190.8,79,171,1747,5
1539,5950.06,7055.03,-1603.23,39,93,545,4
1540,21649.7,410520.0,-9640.0,60,473,14125,2
1541,18689.5,200866.0,-8130.0,49,390,7459,4
1542,9227.75,27063.6,-2100.0,30,166,1414,5
1543,13441.8,60639.6,-4580.0,27,247,2754,3
1544,9829.01,27490.3,-3680.0,33,194,1521,4
1545,9648.92,17432.2,-4054.53,35,183,931,5
1546,9423.75,37642.2,-3734.58,42,180,2054,5
1547,15035.1,94550.0,-7143.0,79,317,3382,1
1548,10087.8,24391.0,-2504.0,42,208,1313,1
1549,7001.92,4056.02,-2265.08,74,101,249,4
1550,6258.44,5219.73,-2990.0,7,79,292,2
1551,10617.8,85805.8,-2860.0,22,220,3450,3
1552,13311.0,46718.0,-5752.5,68,273,2061,4
1553,5993.3,4806.0,-1941.0,18,111,345,1
1554,6979.9,5241.15,-1490.0,7,79,292,2
1555,23258.5,362574.0,-13808.0,105,463,8476,1
1556,3893.93,1443.07,-955.806,42,52,133,2
1557,5319.67,4463.27,-1590.0,19,88,292,2
1558,15641.1,114464.0,-5190.0,53,271,4426,3
1559,9519.81,36375.9,-3660.0,42,196,1997,5
1560,13268.8,58995.7,-4360.0,40,224,2192,4
1561,15018.7,143469.0,-5939.66,156,308,6057,4
1562,10539.4,57689.4,-4488.48,138,217,2904,3
1563,11540.7,50315.5,-5640.0,26,216,2677,3
1564,13977.0,141247.0,-4180.0,48,315,5844,3
1565,7104.21,7859.11,-2140.0,147,109,486,5
1566,12739.1,78916.0,-6889.0,41,276,3461,1
1567,7413.8,14009.9,-2368.4,91,120,809,3
1568,11450.3,86085.0,-2490.0,25,220,3450,4
1569,6357.53,3979.31,-1781.58,27,101,270,5
1570,5013.01,4377.3,-1281.45,31,72,340,4
1571,6822.7,5543.35,-2160.0,9,79,292,2
1572,9509.27,32953.8,-3551.35,94,176,1922,4
1573,9762.67,17428.3,-3835.53,81,172,973,3
1574,5154.7,2927.84,-1051.09,30,71,249,4
1575,5599.02,3829.18,-1850.0,12,86,205,3
1576,12565.4,113427.0,-3190.0,41,235,4905,3
1577,5157.24,3033.38,-1239.42,48,67,224,3
1578,3583.45,1316.17,-643.081,30,40,100,2
1579,11599.0,43552.2,-3160.0,28,166,1414,3
1580,12212.3,48632.4,24900.0,31,166,1414,3
1581,12602.0,72025.5,-5614.54,35,262,3211,5
1582,7010.53,14009.8,-2353.63,81,120,809,3
1583,4912.09,4302.43,-1440.0,12,79,317,2
1584,2017.36,54.2518,-206.0,97,33,5,4
1585,9676.93,19306.0,-2681.0,28,137,890,1
1586,9289.89,32883.7,-3661.62,90,176,1922,3
1587,14147.0,145913.0,-6114.92,165,308,6057,4
1588,15147.0,59803.5,-4740.0,35,215,2188,3
1589,7062.94,14415.7,-2735.85,85,134,970,3
1590,10034.9,51938.9,-3300.0,32,188,2599,5
1591,9199.75,26558.3,-2983.54,102,158,1403,4
1592,14030.9,73995.0,-5716.0,59,274,3213,1
1593,8513.96,26319.7,-2320.0,30,156,1364,3
1594,18626.6,161007.0,-7790.0,80,388,6290,3
1595,9426.55,12427.0,-5505.0,31,220,661,1
1596,4470.58,1600.0,-1309.0,6,58,134,1
1597,7289.27,14365.2,-2361.51,90,120,809,3
1598,3867.66,2203.3,-1034.09,21,54,165,2
1599,14154.6,140181.0,-4460.0,46,315,5844,3
1600,6129.75,7439.96,-1575.71,48,93,545,3
1601,5311.6,4568.42,-1460.0,18,85,343,5
1602,3796.61,1456.33,-1026.6,35,52,133,2
1603,7586.45,9278.47,-1897.77,70,107,517,4
1604,8561.45,11000.9,-3212.0,34,156,654,4
1605,16582.5,161885.0,-9175.0,74,384,6403,1
1606,6899.13,5007.76,-2219.53,73,107,346,2
1607,5987.37,4898.08,-1190.0,21,85,343,5
1608,19805.1,315037.0,-11862.0,155,414,10385,1
1609,20770.7,161744.0,-8900.0,88,449,5537,2
1610,6763.03,7251.57,-2400.0,158,109,486,5
1611,6403.36,5343.76,-2380.0,8,79,292,5
1612,17268.8,217864.0,-6873.0,256,371,8983,1
1613,4982.22,2904.47,-1282.09,37,77,205,4
1614,17129.6,127159.0,-8312.0,61,339,4727,1
1615,3905.02,1444.27,-978.047,37,52,133,2
1616,13005.9,157352.0,-10049.0,37,289,6062,1
1617,13526.3,51956.1,-3650.0,34,234,2464,3
1618,13651.8,55979.0,-6808.0,361,275,2130,1
1619,9479.68,39866.4,-3260.0,16,196,1885,3
1620,13297.3,68152.4,-6175.16,173,254,2904,1
1621,3864.97,1444.67,-988.378,42,52,133,2
1622,9426.58,30056.3,-3246.44,115,171,1747,5
1623,3987.14,2195.13,-535.278,12,43,161,5
1624,14123.6,52038.2,-2840.0,42,234,2464,3
1625,21891.8,253713.0,-14229.0,79,484,8345,1
1626,13924.8,180839.0,-10393.0,150,384,7221,1
1627,7173.82,14836.3,-1597.35,19,96,804,3
1628,8683.91,24871.4,-3084.94,36,157,1519,3
1629,12881.8,65222.0,-5748.0,23,237,2605,1
1630,8318.34,9303.39,-2807.07,22,138,554,4
1631,6532.25,3903.22,-792.0,11,86,205,5
1632,19429.9,160305.0,-10805.0,75,398,5739,1
1633,5251.44,4455.68,-1262.52,16,72,340,5
1634,14154.7,98892.4,-5638.6,143,281,4061,5
1635,25220.3,477691.0,-12100.0,56,483,15505,3
1636,6854.4,13692.0,-2007.0,60,114,806,1
1637,5258.04,3236.72,-1198.84,37,67,224,3
1638,9244.27,25781.5,-3376.1,29,174,1415,4
1639,7256.11,4374.59,-2310.0,12,86,205,5
1640,9509.17,10205.9,-3010.0,45,154,587,2
1641,9095.83,27242.6,-2877.95,89,158,1403,4
1642,7219.14,9639.25,-3094.69,20,138,554,3
1643,12359.9,95573.0,-6850.0,197,256,4156,1
1644,5261.13,7529.08,-1609.75,45,90,405,5
1645,24341.2,248069.0,-8540.0,97,537,8350,3
1646,9346.97,30181.7,-3426.16,120,171,1747,5
1647,9596.29,39266.8,-3080.0,20,196,1885,3
1648,11960.6,60238.0,-8040.0,41,280,2899,1
1649,11429.9,26857.7,-4105.12,53,214,1469,4
1650,12134.0,39778.0,-3428.0,43,216,1877,1
1651,7849.91,9620.32,-3041.47,98,130,490,2
1652,9374.84,30344.5,-3178.44,124,171,1747,5
1653,4204.62,1920.41,-1085.24,7,63,166,3
1654,5577.21,5402.0,-1431.0,10,90,371,1
1655,12141.9,50854.4,-4540.0,47,234,2464,4
1656,13107.1,46598.5,-5727.12,59,273,2061,4
1657,10965.5,50510.6,-4910.0,24,216,2677,3
1658,5803.84,7080.71,-1665.26,50,93,545,4
1659,15997.8,102280.0,-8216.0,32,339,4068,1
1660,5017.65,3236.46,-1149.18,28,71,249,4
1661,11299.1,38231.0,-5587.0,42,189,1805,1
1662,14002.6,53529.3,-4110.0,27,215,2188,3
1663,9559.37,17129.7,-3989.29,33,183,931,5
1664,2568.61,51.9286,-375.0,92,33,5,2
1665,7825.4,9140.55,-1500.0,27,102,516,5
1666,15531.3,131051.0,-6548.0,59,353,5426,1
1667,14564.3,144413.0,-6360.0,56,315,5844,4
1668,21592.6,399506.0,-15413.0,105,502,12822,1
1669,10844.4,39009.2,-3662.79,31,193,2118,4
1670,14504.7,108146.0,-6670.0,49,322,4619,5
1671,8739.95,18494.0,-4550.0,91,163,1064,1
1672,13419.8,80216.1,-6230.0,47,272,3539,3
1673,9352.77,27363.3,-2050.0,21,166,1414,5
1674,21456.9,409991.0,-9310.0,56,473,14125,2
1675,5187.38,3336.77,-777.585,47,51,132,2
1676,8006.3,16808.7,-2924.28,73,142,844,4
1677,7232.04,9031.08,-2200.0,21,102,516,5
1678,5850.42,11087.7,-1891.9,12,102,764,4
1679,5917.43,7567.57,-1843.06,75,104,457,2
1680,14936.3,54714.5,-5640.0,34,215,2188,3
1681,8596.75,20801.9,-3641.59,89,163,1162,4
1682,10907.4,38794.8,-3870.0,41,196,1997,3
1683,10780.5,36199.0,-5038.0,106,192,1691,1
1684,12622.1,80037.8,-6200.0,51,272,3539,4
1685,2452.93,51.661,-467.0,96,33,5,2
1686,7595.79,10056.7,-2467.73,22,123,621,4
1687,4187.17,1168.06,-850.2389999999999,19,51,102,5
1688,4686.37,4118.66,-1494.8,2,72,340,1
1689,16012.8,164435.0,-7960.19,73,352,6744,2
1690,8208.62,4694.79,-2647.88,32,131,271,5
1691,8894.25,51250.9,-1910.0,30,188,2599,3
1692,9364.02,12502.1,-2618.76,87,136,619,5
1693,9857.7,12319.0,-4130.0,84,170,659,1
1694,11282.3,55314.0,-4555.0,22,194,2528,1
1695,5224.37,4110.37,-783.0,12,79,317,2
1696,9508.86,29684.6,-3396.71,34,179,1626,5
1697,8241.25,9424.94,-2889.24,23,138,554,4
1698,8167.44,13385.0,-3618.0,20,146,804,1
1699,10798.7,58340.0,-4424.55,137,217,2904,2
1700,18484.9,162025.0,-9720.0,79,388,6290,3
1701,10132.6,37137.4,-3638.04,43,193,2118,4
1702,9418.5,25769.5,-3342.03,39,174,1415,4
1703,11852.3,59052.0,-7234.0,78,324,2759,1
1704,6418.78,10267.3,-2990.0,16,109,689,3
1705,14675.4,80428.5,-7033.47,78,320,3466,5
1706,21313.0,405883.0,-7880.0,66,473,14125,3
1707,12609.3,114335.0,-3560.0,40,235,4905,3
1708,23710.0,434797.0,-9049.0,98,472,11282,1
1709,9684.64,29203.4,-3443.24,29,179,1626,5
1710,4180.64,2262.4,-1101.14,20,54,165,2
1711,21183.2,324568.0,-13759.0,323,482,10983,1
1712,11612.5,69661.4,-5128.85,148,247,3373,5
1713,25541.0,481550.0,-19418.0,113,556,12519,1
1714,21859.1,409640.0,-9480.0,76,473,14125,2
1715,8525.36,12003.1,-2492.86,83,128,693,2
1716,5149.05,4275.01,-1080.0,10,79,317,2
1717,13712.1,44258.5,-2660.0,47,234,1581,2
1718,23042.2,520235.0,-11295.7,120,540,18067,4
1719,12813.9,75836.0,-4582.0,77,255,3294,1
1720,15816.3,116103.0,-5180.0,54,271,4426,3
1721,8663.97,17148.7,-2779.13,83,142,844,2
1722,6702.72,3950.45,-2365.78,70,101,249,4
1723,13535.0,93081.1,-5000.0,74,254,3885,3
1724,18297.5,161255.0,-11100.0,84,388,6290,3
1725,12043.2,71977.1,-5626.18,46,262,3211,5
1726,5619.47,4331.32,-1060.0,13,88,292,2
1727,8891.92,28869.5,-3414.65,33,179,1626,5
1728,9054.32,21634.0,-3734.0,29,149,1025,1
1729,20359.8,204264.0,-8210.0,51,390,7459,4
1730,25230.6,476114.0,-12200.0,50,483,15505,3
1731,6285.85,7358.69,-1605.28,50,93,545,2
1732,6006.07,4710.02,-1380.0,21,85,343,5
1733,17234.7,161729.0,-7546.75,71,352,6744,2
1734,5823.73,5136.0,-1656.0,17,76,268,1
1735,10123.5,21296.0,-4017.0,76,139,889,1
1736,5111.6,5899.0,-832.0,10,81,396,1
1737,14556.7,100694.0,-1960.0,44,220,3450,4
1738,9177.8,32665.0,-3343.0,48,179,1693,1
1739,7388.01,26680.6,-2711.82,78,156,1521,4
1740,8654.99,19949.9,-3509.87,86,163,1162,2
1741,8606.25,8420.0,-4215.0,15,147,491,1
1742,13615.8,52677.5,-5976.08,55,288,2334,5
1743,7066.77,12822.0,-1810.0,12,129,808,1
1744,23005.9,470987.0,-13400.0,59,483,15505,3
1745,12745.2,31926.0,-5379.0,82,196,1413,1
1746,6305.79,7376.59,-1579.31,36,93,545,4
1747,8746.41,17623.1,-2780.87,76,142,844,4
1748,6039.84,7749.09,-1753.12,73,104,457,2
1749,8944.21,29057.2,-3368.25,35,179,1626,5
1750,8105.66,12064.3,-2828.5,92,128,693,3
1751,14060.3,69912.6,-3070.0,73,224,2192,4
1752,12819.1,93868.0,-6065.0,135,248,4057,1
1753,5560.64,3995.87,-1502.22,124,88,318,2
1754,7330.73,14177.2,-2111.64,52,120,809,3
1755,8498.3,15941.0,-3609.0,28,142,765,1
1756,14321.3,62770.7,-2470.0,59,223,2059,3
1757,13710.5,51186.9,-3390.0,35,234,2464,3
1758,7560.93,10042.0,-2681.0,27,118,654,1
1759,9785.12,17230.3,-3818.47,69,172,973,4
1760,9916.67,35574.1,-4370.3,122,208,1691,4
1761,18985.4,160065.0,-9740.0,85,388,6290,3
1762,6762.22,13167.1,-1535.21,15,96,804,2
1763,2510.7,51.5672,-564.0,8,33,5,5
1764,4751.69,4228.86,-2010.0,11,79,317,2
1765,5249.91,4410.34,-1040.0,21,85,343,5
1766,14132.4,141457.0,-4560.0,47,315,5844,3
1767,5353.26,4193.88,-1180.0,13,79,317,2
1768,7108.35,4499.7,-2050.0,26,86,205,4
1769,5914.03,4356.55,-1676.74,53,88,270,1
1770,12162.2,50124.6,-4180.0,55,215,2188,4
1771,9622.82,51702.9,-3230.0,27,188,2599,3
1772,13496.3,51944.5,-6013.84,61,288,2334,4
1773,10188.9,57088.9,-5020.0,42,247,2754,1
1774,7320.95,9364.31,-3135.76,15,138,554,2
1775,2444.59,52.3816,-271.0,96,33,5,2
1776,23214.2,265236.0,-10800.0,79,540,8870,4
1777,9800.25,74190.0,-5107.0,38,218,3534,1
1778,15502.9,110327.0,-9131.0,179,329,4063,1
1779,14985.5,140936.0,-4070.0,49,315,5844,4
1780,11152.3,50621.2,-4330.0,22,216,2677,3
1781,5816.71,7514.77,-1651.94,48,93,545,3
1782,5526.56,4416.61,-1252.85,23,72,340,3
1783,8986.39,17200.1,-4252.16,35,183,931,5
1784,9448.06,10083.3,-2290.0,34,154,587,3
1785,3806.95,2169.38,-1146.25,20,54,165,2
1786,15150.5,60381.5,-5080.0,34,215,2188,3
1787,4735.26,3979.56,-1240.0,15,79,317,3
1788,10712.2,57876.0,-4515.76,140,217,2904,2
1789,15579.1,99985.0,-4230.0,133,309,4069,1
1790,11934.2,62337.0,-5325.0,129,243,3050,1
1791,7395.15,9162.46,-3048.89,16,138,554,2
1792,11059.1,68879.1,-5251.84,148,247,3373,5
1793,6621.75,13197.8,-1525.59,23,96,804,2
1794,15657.6,194018.0,-9780.0,58,390,7459,4
1795,15652.6,124333.0,-7709.0,44,322,5217,1
1796,9594.94,23053.1,-1020.0,16,166,1111,3
1797,7794.26,9998.42,-2401.7,15,123,621,4
1798,20613.0,223537.0,-10256.0,127,437,7103,1
1799,5586.64,3516.92,-764.659,35,51,132,3
1800,16284.7,129857.0,-7704.0,208,349,4074,1
1801,13889.7,144613.0,-6178.93,174,308,6057,4
1802,8101.63,25110.0,-3365.0,22,151,1411,1
1803,6385.82,7402.69,-1479.59,48,93,545,3
1804,41892.4,1088640.0,-21648.0,171,897,27204,1
1805,14754.2,140673.0,-3970.0,53,315,5844,3
1806,22776.7,410847.0,-9860.0,61,473,14125,4
1807,8189.96,4723.74,-2703.03,35,131,271,5
1808,9704.83,30767.4,-3222.84,128,171,1747,5
1809,13123.6,78485.7,-5040.0,63,272,3539,5
1810,21671.5,178945.0,-8840.0,94,449,5537,2
1811,6573.72,6428.13,-2273.67,25,108,428,1
1812,2420.03,62.0162,-245.0,96,33,5,2
1813,9134.73,18311.0,-4736.0,29,170,1026,1
1814,18942.0,164643.0,-11506.0,308,460,5862,1
1815,13464.5,74290.0,-10597.0,61,323,3135,1
1816,9376.89,17378.6,-4213.5,33,183,931,5
1817,6352.67,8991.0,-2161.0,11,121,616,1
1818,5691.02,4328.39,-1170.0,14,88,292,2
1819,10865.9,39342.2,-3934.64,26,193,2118,4
1820,8160.02,4721.74,-2668.41,24,131,271,5
1821,10242.4,35131.0,-4373.16,109,208,1691,5
1822,5527.6,4356.07,-591.0,14,88,292,5
1823,7510.7,15705.7,-2666.69,64,134,970,3
1824,15816.9,121650.0,-6226.0,89,334,4818,1
1825,12026.7,113774.0,-2520.0,41,235,4905,3
1826,5624.65,3355.85,-1080.62,39,71,249,4
1827,5643.51,7600.37,-1810.03,71,104,457,2
1828,12269.4,57444.2,-2450.0,66,224,2192,4
1829,8195.3,12292.0,-2450.87,79,128,693,3
1830,8914.64,14033.6,-2867.36,33,148,729,4
1831,10836.5,68723.1,-5641.31,147,247,3373,5
1832,9557.39,17299.8,-3854.86,75,172,973,4
1833,11375.6,69325.3,-5192.21,143,247,3373,5
1834,16781.3,143409.0,-9330.0,66,449,5537,2
1835,22814.2,473027.0,-14200.0,67,483,15505,2
1836,10420.3,37040.3,-4127.33,106,205,1751,3
1837,13479.2,90547.2,-5120.0,45,254,3885,3
1838,11708.8,60976.0,-6453.0,25,255,2828,1
1839,7323.65,9466.18,-2070.0,38,154,587,3
1840,3959.58,1460.87,-959.4789999999999,41,52,133,2
1841,10936.2,70058.0,-5379.29,143,247,3373,5
1842,5236.06,4283.91,-1310.0,11,79,317,2
1843,7243.96,14890.7,-2717.15,74,134,970,3
1844,15792.2,110413.0,-5570.0,32,322,4619,3
1845,8906.23,20582.5,-3497.77,92,163,1162,4
1846,7107.44,6872.0,-2936.0,46,120,400,1
1847,9192.28,17336.1,-4222.25,35,183,931,5
1848,18750.4,160118.0,144000.0,76,388,6290,4
1849,7471.31,13998.9,-2089.16,62,120,809,3
1850,6340.51,5542.88,-1670.0,24,85,343,5
1851,9088.0,22896.3,-4780.0,40,182,1212,4
1852,11317.3,45557.0,-5057.0,34,155,1633,1
1853,8663.96,16949.5,-2742.38,79,142,844,3
1854,25602.8,496133.0,-16211.0,145,577,15522,1
1855,17377.9,181521.0,-9108.0,78,397,6633,1
1856,8891.5,12096.1,-2687.58,90,136,619,3
1857,8519.55,21607.0,-2869.96,82,145,1156,5
1858,8534.35,25859.7,-1920.0,22,166,1414,4
1859,9211.75,29178.7,-3397.83,32,179,1626,5
1860,5228.82,3035.11,-1250.32,49,67,224,3
1861,6056.15,11207.0,-1868.54,14,102,764,4
1862,6791.56,10569.0,-1259.0,19,132,586,1
1863,10783.4,39352.3,-3954.48,27,193,2118,4
1864,12160.9,52787.8,-3980.0,41,224,2192,3
1865,5804.35,7516.67,-1862.49,75,104,457,2
1866,24246.9,303265.0,-16011.0,71,512,9839,1
1867,9340.38,28525.4,-3224.82,36,179,1626,5
1868,2776.54,1280.02,-713.2260000000001,32,40,100,2
1869,11324.7,51425.0,-5248.0,140,237,2607,1
1870,20496.4,177693.0,-7480.0,99,449,5537,2
1871,4989.29,3275.1,-1162.51,29,71,249,4
1872,23234.2,355689.0,-15365.0,135,550,11581,1
1873,5984.04,5152.12,-1320.0,15,85,343,5
1874,5841.71,4130.92,-1518.64,126,88,318,2
1875,6639.84,5091.24,-2173.44,49,107,346,3
1876,8538.34,13503.1,-2533.81,19,132,806,4
1877,15649.6,141759.0,-3510.0,63,315,5844,4
1878,5082.03,1918.0,-1128.0,19,74,133,1
1879,22056.7,414394.0,-9480.0,62,473,14125,3
1880,9060.43,20215.1,-3429.37,101,163,1162,4
1881,6365.51,13585.0,-1643.76,11,96,804,3
1882,7141.19,14196.9,-2395.55,88,120,809,3
1883,2515.6,53.1264,-237.0,92,33,5,2
1884,7175.52,5550.0,-3369.0,10,122,321,1
1885,10865.0,40507.0,-6896.0,56,216,1994,1
1886,5094.3,4456.73,1770.0,18,88,292,2
1887,10118.2,35077.7,-4449.89,113,208,1691,5
1888,4121.09,2698.84,-1455.95,34,67,224,4
1889,13682.6,94378.1,-5150.0,64,254,3885,3
1890,14431.5,102008.0,-5610.24,151,281,4061,5
1891,12865.5,46727.5,-2240.0,52,223,2059,3
1892,12315.4,108070.0,-5844.0,35,299,4521,1
1893,9516.59,27493.5,-2864.18,87,158,1403,4
1894,12529.4,113441.0,-2810.0,43,235,4905,3
1895,7803.42,9919.31,-2370.0,45,154,587,2
1896,9970.8,32183.6,-3516.4,88,176,1922,4
1897,6101.47,4913.5,-1400.0,21,85,343,5
1898,7160.47,5454.07,-1600.0,17,79,292,2
1899,8446.67,23531.0,-5411.0,14,167,1262,1
1900,12634.8,70494.0,-5370.61,61,262,3211,5
1901,5270.65,4434.87,369.0,22,88,292,3
1902,15709.5,115335.0,-3770.0,74,271,4426,3
1903,19070.0,177856.0,-4600.0,96,403,6746,3
1904,7602.64,15173.6,-2715.68,69,134,970,3
1905,10017.7,42155.0,-5362.0,26,202,2253,1
1906,7781.48,22342.0,-3327.0,29,162,1260,1
1907,10437.5,38754.8,-4189.73,125,205,1751,2
1908,11036.6,87979.9,-3630.0,44,220,3450,4
1909,3367.58,1409.09,-660.443,33,40,100,3
1910,9852.88,10548.6,-2690.0,36,154,587,3
1911,9715.95,30500.2,-3205.04,122,171,1747,5
1912,13322.9,51137.7,-3720.0,36,234,2464,3
1913,10267.8,10792.5,-2350.0,37,154,587,3
1914,14143.1,52069.2,-3190.0,34,234,2464,3
1915,11376.1,113509.0,-3700.0,48,235,4905,2
1916,18051.2,167623.0,-9203.0,31,314,5314,1
1917,11759.1,69636.2,-5079.75,150,247,3373,5
1918,19078.9,115932.0,-8056.0,63,405,4071,1
1919,6200.97,11629.1,-1938.1,9,105,765,3
1920,12167.1,73501.7,-4440.0,28,249,3630,2
1921,7750.32,12820.7,-2734.45,15,132,806,4
1922,7586.15,25469.2,-3020.0,30,166,1414,4
1923,13243.8,104659.0,-6200.0,68,322,4619,1
1924,25488.7,674161.0,-23313.0,92,725,20240,1
1925,4226.38,2117.46,-965.404,22,54,165,2
1926,10037.8,54932.6,-4620.0,54,247,2754,1
1927,11666.6,50115.9,-3960.0,24,216,2677,3
1928,9047.04,11412.3,-3021.31,43,156,654,4
1929,16291.8,137971.0,-8739.0,241,335,5636,1
1930,10587.1,17051.3,-3553.8,66,172,973,4
1931,5402.57,4403.06,-1060.0,18,88,292,2
1932,12459.8,50671.4,-3380.0,35,234,2464,3
1933,4764.95,5459.0,-1795.0,18,84,398,1
1934,8009.19,12534.5,-3028.51,88,136,619,3
1935,4484.57,3048.17,-1222.42,33,71,249,3
1936,7451.13,15177.0,-2608.32,67,134,970,3
1937,3430.09,1969.8,-616.39,7,43,161,5
1938,7829.07,8335.23,2400.0,24,111,453,4
1939,10316.9,32600.0,-3460.09,61,176,1922,4
1940,9133.52,37880.4,-3761.15,38,180,2054,5
1941,14304.7,141752.0,-5850.0,52,315,5844,3
1942,10612.5,36323.0,-6617.0,131,227,1757,1
1943,7729.38,9164.41,-2924.33,18,138,554,2
1944,20196.7,233772.0,-11100.0,103,537,8350,3
1945,9523.61,12447.7,-2671.03,93,136,619,3
1946,8107.96,9436.97,-2986.4,81,130,490,2
1947,15338.4,94060.8,-4030.0,61,254,3885,4
1948,25556.1,480552.0,-11000.0,49,483,15505,4
1949,9517.11,38138.3,-3790.82,38,180,2054,5
1950,9936.75,36688.1,-3840.0,34,196,1997,4
1951,9790.43,26798.2,-2030.0,22,166,1414,5
1952,3217.39,1272.32,-718.834,33,40,100,2
1953,9995.13,35350.0,-2737.0,28,216,1809,1
1954,11658.1,38985.4,-2150.0,31,166,1414,3
1955,8785.7,25976.6,-3125.02,28,157,1519,3
1956,11285.2,55693.9,-3450.0,58,224,2192,4
1957,11002.4,44148.6,-3500.0,56,223,2059,3
1958,24755.0,274152.0,-10800.0,108,537,8350,3
1959,11905.9,50151.0,-6717.0,49,259,2538,1
1960,5643.11,4270.93,-1242.66,11,72,340,4
1961,5662.0,4896.78,-305.0,15,88,292,5
1962,7157.78,5466.64,-2075.63,58,107,346,3
1963,11396.1,70134.0,-4904.0,20,254,3618,2
1964,7426.12,14291.6,-2388.14,83,120,809,3
1965,4460.59,1964.87,-1026.35,5,63,166,3
1966,5875.68,4693.53,-1740.0,21,85,343,5
1967,6110.93,7565.27,-1676.77,52,93,545,3
1968,7848.04,11676.9,-2590.79,85,128,693,4
1969,12330.2,116032.0,-3220.0,44,235,4905,2
1970,7882.36,22368.0,-3237.0,57,148,1165,1
1971,10961.7,83593.5,-2170.0,25,220,3450,3
1972,19044.9,329789.0,-13765.0,90,493,10843,1
1973,13639.6,53513.0,-5200.0,38,215,2188,3
1974,25242.2,266808.0,-10400.0,100,537,8350,3
1975,18374.8,178742.0,-6080.0,66,403,6746,3
1976,8276.19,9935.59,-2845.05,30,138,554,4
1977,11888.6,73966.8,-4770.0,27,249,3630,2
1978,4875.98,2884.67,-1273.29,52,67,224,3
1979,9112.41,28640.3,-3366.92,30,179,1626,4
1980,7880.02,8991.08,-1420.0,21,102,516,4
1981,14025.7,94688.6,-5887.14,43,294,4249,3
1982,7982.7,9534.39,-2893.79,94,130,490,2
1983,7836.06,10914.0,-1779.0,26,148,689,1
1984,2485.52,57.8417,-242.0,96,33,5,4
1985,9188.15,20794.4,-967.092,0,163,1162,2
1986,6966.34,14143.5,-2446.28,80,120,809,3
1987,10072.1,44009.2,-2985.88,89,159,2181,2
1988,14082.0,56984.0,-7185.0,18,221,1527,1
1989,16111.4,176001.0,-11582.0,44,381,6737,1
1990,5211.17,3386.48,-822.76,50,51,132,2
1991,20979.0,315988.0,-11799.0,88,446,9827,1
1992,10652.4,68791.3,-4337.57,148,247,3373,5
1993,5013.42,3252.23,-1183.64,36,71,249,3
1994,10397.2,63745.0,-7230.0,81,244,3292,1
1995,8034.21,26943.4,-2906.79,99,156,1521,5
1996,15640.3,122138.0,-8488.0,28,270,3714,1
1997,14944.4,59723.3,-6553.48,141,305,2610,3
1998,8111.38,12783.3,-2517.22,29,132,806,4
1999,5981.13,10323.9,-3240.0,20,109,689,3
2000,15812.8,209606.0,-10543.0,55,355,7953,1
2001,9611.33,32481.9,-3460.79,69,176,1922,3
2002,5840.35,7529.36,-1900.47,59,104,457,3
2003,7476.26,9269.14,-3106.97,29,138,554,3
2004,6462.07,10317.7,-3420.0,11,109,689,3
2005,9673.93,37981.6,-3613.53,43,180,2054,4
2006,6655.78,13323.9,-1567.08,17,96,804,2
2007,9219.75,30515.1,-3452.94,129,171,1747,5
2008,11143.7,85912.1,-3560.0,19,220,3450,3
2009,7661.35,9075.62,-1840.12,70,107,517,4
2010,21129.1,200444.0,-3380.0,75,403,6746,3
2011,9658.82,10190.5,-2140.0,37,154,587,2
2012,12781.1,58192.2,-2580.0,52,224,2192,4
2013,5759.51,7531.91,-1860.49,75,104,457,2
2014,5531.23,4082.03,-1447.13,117,88,318,3
2015,6317.22,8617.0,-3164.0,36,113,615,1
2016,8948.92,26866.1,-2987.98,92,158,1403,4
2017,12106.6,73530.0,-4460.0,30,249,3630,2
2018,12669.6,46419.8,-5917.87,55,273,2061,3
2019,2483.81,72.1009,-399.0,11,33,5,5
2020,10573.8,17167.0,-3995.0,24,177,773,1
2021,21033.3,410506.0,-10800.0,63,473,14125,2
2022,10034.5,35151.5,-4419.78,124,208,1691,4
2023,5418.62,3305.93,-1088.63,44,71,249,4
2024,6399.87,10268.0,-3500.0,16,109,689,3
2025,13194.6,81092.0,-4230.0,54,272,3539,4
2026,7129.66,13621.0,-3598.0,11,131,845,1
2027,6940.68,4039.98,-2279.4,72,101,249,4
2028,9776.61,40945.0,-5056.0,29,222,2125,1
2029,9423.58,38723.0,-4931.0,148,182,2054,1
2030,7221.03,9289.35,-3192.86,15,138,554,2
2031,9045.76,12123.3,-2675.4,92,136,619,3
2032,8452.96,19944.0,-3572.2,79,163,1162,2
2033,2821.21,50.5575,-589.0,6,33,5,5
2034,9338.0,52882.1,-4030.0,25,188,2599,3
2035,8395.52,25649.7,-1870.0,25,156,1364,3
2036,12492.7,57913.7,-2450.0,60,223,2822,4
2037,5513.94,4357.15,-1320.0,17,88,292,2
2038,10645.3,39822.0,-3972.91,22,193,2118,4
2039,5356.34,4458.23,-814.0,15,88,292,2
2040,12782.6,118932.0,-4840.0,38,235,4905,3
2041,22212.6,515668.0,-11559.6,139,540,18067,4
2042,15922.1,72783.0,-3842.0,44,287,2976,1
2043,8380.13,10812.7,-2871.65,86,139,587,3
2044,7671.88,12797.7,-2668.79,36,123,655,1
2045,16564.2,163852.0,-7424.87,76,352,6744,2
2046,6447.48,11900.6,-1805.48,8,105,765,2
2047,7810.49,9293.76,-2805.46,20,138,554,2
2048,7428.73,17005.0,-3563.0,73,132,1063,1
2049,8236.59,10241.3,-2848.81,95,130,490,3
2050,15339.3,115658.0,-5160.0,57,271,4426,3
2051,24823.2,304405.0,-14551.0,108,573,9832,1
2052,6653.0,10352.2,-2790.0,16,109,689,3
2053,8806.48,19341.0,-4829.0,39,163,979,1
2054,9617.97,25660.0,-3086.0,26,168,1309,1
2055,10077.9,34028.9,-3413.54,71,176,1922,4
2056,14152.0,51242.3,-4280.0,38,234,2464,3
2057,14980.3,81441.0,-7988.0,59,284,3058,1
2058,11180.3,41871.6,-1860.0,66,166,1414,4
2059,10914.5,85896.4,-2270.0,27,220,3450,3
2060,9402.96,22472.5,-2801.45,77,145,1156,4
2061,8449.66,25370.1,-3262.15,23,157,1519,3
2062,13764.3,82719.8,-5130.0,47,272,3539,4
2063,9747.71,49593.3,-5630.0,23,216,2677,3
2064,21749.0,374162.0,-14448.0,230,515,13303,1
2065,14450.1,141377.0,-6088.35,173,308,6057,3
2066,6037.79,4616.49,-1920.0,19,79,292,3
2067,6970.17,3995.3,-2201.83,72,101,249,4
2068,12808.4,59934.0,-5100.0,25,247,2754,3
2069,4890.58,6330.0,-1572.0,6,76,395,1
2070,8899.37,11286.2,-3095.39,49,156,654,4
2071,7188.02,9908.0,-2307.0,19,120,486,1
2072,9415.65,43747.3,-4860.0,38,215,2188,1
2073,15745.3,188669.0,-10522.0,39,400,7584,1
2074,10599.9,23368.0,-2046.0,12,160,1020,1
2075,8344.76,18864.0,-4671.0,59,170,1110,1
2076,5512.77,3371.57,-1076.47,38,71,249,4
2077,8633.7,11982.5,-2522.51,87,128,693,2
2078,13794.7,98942.5,-5851.87,169,281,4061,5
2079,6948.31,8682.15,-2600.0,20,102,516,1
2080,12173.0,73161.3,-4160.0,27,249,3630,2
2081,3999.36,1441.61,-948.2860000000001,40,52,133,2
2082,9024.51,20544.0,-3455.21,91,163,1162,4
2083,18498.1,160633.0,-9720.0,81,388,6290,3
2084,4831.07,2944.97,-1175.09,33,71,249,3
2085,5915.13,7518.67,-1790.13,72,104,457,2
2086,27564.9,473966.0,-13486.0,73,609,14484,1
2087,13796.5,142183.0,-6301.22,191,308,6057,3
2088,11897.6,59469.8,-3450.0,54,223,2822,4
2089,23113.0,515458.0,-10360.8,144,540,18067,4
2090,5864.98,4202.93,-1410.61,125,88,318,3
2091,12894.8,77900.0,-7732.0,81,266,3704,1
2092,10914.2,43689.0,-2630.0,15,196,1885,4
2093,12584.8,71728.4,-5586.27,31,262,3211,5
2094,8487.57,28562.1,-2858.64,86,156,1521,4
2095,14712.5,209828.0,-8922.0,82,366,8468,1
2096,5133.37,1715.27,-1327.46,10,76,147,5
2097,10394.2,30111.7,-2570.0,33,156,1364,5
2098,6039.8,4764.71,-1070.0,20,85,343,5
2099,5445.9,4196.54,-1520.0,12,79,317,2
2100,4023.82,2268.91,-1094.2,20,54,165,2
2101,3568.93,1338.95,-639.432,33,40,100,2
2102,11886.5,47536.2,-5210.0,23,215,2188,3
2103,13661.4,46260.1,-2260.0,51,234,1581,2
2104,12245.3,90453.6,-1490.0,29,220,3450,4
2105,6823.59,10448.4,-2800.0,14,109,689,3
2106,13759.5,140391.0,-6400.34,174,308,6057,3
2107,14794.5,209266.0,-8057.0,46,342,8074,1
2108,7105.67,13105.0,-1728.65,22,105,765,3
2109,11440.6,37430.0,-2665.0,30,147,1210,1
2110,5814.03,4243.12,-1517.43,126,88,318,2
2111,8229.2,26780.5,-2827.61,91,156,1521,4
2112,8819.11,11437.6,-3069.5,44,156,654,4
2113,8690.79,12106.0,-2660.48,89,136,619,3
2114,7656.49,15949.0,-4268.0,15,135,930,1
2115,22937.9,441558.0,-12300.0,120,565,13977,1
2116,13590.1,145439.0,-6429.51,162,308,6057,3
2117,12750.3,70554.8,-5567.72,42,262,3211,5
2118,9893.27,38882.9,-3705.01,37,180,2054,4
2119,14380.5,141057.0,-5580.0,41,315,5844,3
2120,6511.93,10239.5,-3090.0,16,109,689,3
2121,4168.47,2247.95,-1061.12,20,54,165,2
2122,14965.5,110805.0,-9591.0,96,316,4240,1
2123,24789.1,461308.0,-10800.0,40,483,15505,3
2124,11328.5,69064.4,-5381.11,150,247,3373,5
2125,11431.1,115321.0,-3990.0,47,235,4905,2
2126,16024.8,132172.0,-6483.0,47,348,5123,1
2127,17920.1,160718.0,-10200.0,77,388,6290,4
2128,8146.51,27451.5,-2909.22,88,156,1521,4
2129,8538.05,9889.82,-3800.0,36,154,587,2
2130,8257.09,9626.63,-2970.43,18,138,554,3
2131,5638.36,7435.98,-1947.05,75,104,457,2
2132,9826.21,49116.5,-4860.0,27,216,2677,3
2133,2548.91,51.2572,-398.0,6,33,5,5
2134,5734.87,7334.88,-1667.32,48,93,545,3
2135,14373.8,130397.0,-8112.0,54,324,5635,1
2136,4159.09,1975.5,-1071.71,5,63,166,3
2137,10052.8,37090.3,-3710.0,37,196,1997,4
2138,4700.09,4167.53,-692.0,10,79,317,2
2139,17836.1,230479.0,-9034.0,205,391,8212,1
2140,4084.88,1936.64,-1064.31,7,63,166,3
2141,8200.54,11748.7,-2525.3,86,128,693,4
2142,10132.3,50036.0,-2832.0,78,183,2250,1
2143,7992.31,24754.7,-785.0,27,156,1364,3
2144,10514.7,32425.0,-5082.0,17,210,1525,1
2145,14053.2,139556.0,-5240.0,34,315,5844,3
2146,9442.92,27087.6,-1640.0,19,166,1414,4
2147,9168.21,14197.0,-2763.12,19,148,729,4
2148,5508.43,1735.2,-1387.29,21,76,147,5
2149,6444.46,13590.6,-1613.28,9,96,804,2
2150,5459.12,4233.06,-947.0,15,88,292,5
2151,8938.59,38391.9,-2370.0,16,196,1885,3
2152,5090.44,4302.97,-1400.0,18,88,292,5
2153,8158.19,13091.5,-2691.13,16,132,806,4
2154,23334.7,282249.0,-9624.06,62,468,9276,5
2155,13073.6,60694.8,-3530.0,36,247,2754,4
2156,11180.8,38920.0,-1580.0,66,166,1414,4
2157,5652.44,8801.0,-2067.0,15,100,653,1
2158,6796.92,12000.5,-1773.02,9,105,765,2
2159,25162.4,423321.0,-12982.0,417,572,14146,1
